,patient_id,predicted,label
0,2204000724,1,1
1,2224904790,1,1
2,2224900264,1,1
3,2209800295,1,1
4,2224904790,1,1
5,2224815363,1,1
6,2225103595,1,1
7,2224801839,1,1
8,2224903238,1,1
9,2224901083,1,1
10,2224816167,1,1
11,2205001262,0,0
12,2209800308,1,1
13,2224816167,1,1
14,2209800295,1,1
15,2224901928,1,1
16,2207701871,0,0
17,2209800308,1,1
18,2224901928,1,1
19,2224815363,1,1
20,2224905281,1,1
21,2207602153,0,0
22,2224903238,1,1
23,2224815827,1,1
24,2205001262,0,0
25,2224902793,1,1
26,2224900672,1,1
27,2224902632,1,1
28,2207001505,1,0
29,2224910176,1,1
30,2224900264,1,1
31,2224904277,1,1
32,2224900218,1,1
33,2224901928,1,1
34,2224900187,1,1
35,2224816167,1,1
36,2129203632,0,0
37,2224910176,1,1
38,2209800295,1,1
39,2224900179,1,1
40,2207001505,1,0
41,2224905281,1,1
42,2224815827,1,1
43,2224903238,1,1
44,2224901928,1,1
45,2209800295,1,1
46,2224815827,1,1
47,2224901083,1,1
48,2224900218,1,1
49,2207701871,0,0
50,2224900672,1,1
51,2224900218,1,1
52,2224900179,1,1
53,2224909685,1,1
54,2224801839,1,1
55,2224905281,1,1
56,2224900218,1,1
57,2224903238,1,1
58,2224909685,1,1
59,2224815363,1,1
60,2209801296,0,0
61,2224902793,1,1
62,2224901928,1,1
63,2224901145,1,1
64,2209800308,1,1
65,2224901145,1,1
66,2129203632,0,0
67,2224815827,1,1
68,2129203632,0,0
69,2207602153,0,0
70,2224904277,1,1
71,2209800295,0,1
72,2224801839,1,1
73,2224900218,1,1
74,2224900264,1,1
75,2224901928,1,1
76,2224901083,1,1
77,2224903238,1,1
78,2224900264,1,1
79,2224905281,1,1
80,2224900218,1,1
81,2224815827,1,1
82,2224816167,1,1
83,2225101162,1,1
84,2207701871,0,0
85,2224801839,1,1
86,2224909685,1,1
87,2224901871,1,1
88,2224815363,1,1
89,2209800308,1,1
90,2204603867,1,0
91,2224815827,1,1
92,2224910176,1,1
93,2224905281,1,1
94,2204603867,1,0
95,2224900218,1,1
96,2209800308,1,1
97,2224901871,1,1
98,2204000724,1,1
99,2224815363,1,1
100,2224901145,1,1
101,2209800295,1,1
102,2224900264,1,1
103,2224901083,1,1
104,2207701871,0,0
105,2224905281,1,1
106,2209800308,1,1
107,2129203632,0,0
108,2207602153,1,0
109,2224901871,1,1
110,2224902632,1,1
111,2224900672,1,1
112,2224900264,1,1
113,2224904277,1,1
114,2224909685,1,1
115,2224910176,1,1
116,2224910176,1,1
117,2207001505,1,0
118,2224910176,1,1
119,2208108366,0,0
120,2207602153,0,0
121,2207001505,1,0
122,2225103595,1,1
123,2209801296,0,0
124,2225103595,1,1
125,2224816167,1,1
126,2224901928,1,1
127,2224901928,1,1
128,2224910176,1,1
129,2204603867,0,0
130,2224910176,1,1
131,2224901145,1,1
132,2207701871,0,0
133,2224900218,1,1
134,2224900179,1,1
135,2224902632,1,1
136,2224903238,1,1
137,2224901083,1,1
138,2224901145,1,1
139,2207602153,0,0
140,2224904277,1,1
141,2224903238,1,1
142,2224901083,1,1
143,2208108366,0,0
144,2224904790,1,1
145,2224910176,0,1
146,2224904277,1,1
147,2224901871,1,1
148,2204000724,1,1
149,2224901871,1,1
150,2224816167,1,1
151,2224815827,1,1
152,2204000724,1,1
153,2224905281,1,1
154,2224901083,1,1
155,2224900187,1,1
156,2224816167,1,1
157,2224902632,1,1
158,2224801839,1,1
159,2209801296,1,0
160,2209801296,0,0
161,2224900218,1,1
162,2224900218,1,1
163,2209800295,1,1
164,2224900218,1,1
165,2224900672,1,1
166,2224815827,1,1
167,2209719866,1,1
168,2224900218,1,1
169,2225101162,1,1
170,2224909685,1,1
171,2224901083,1,1
172,2224903238,1,1
173,2224901083,1,1
174,2224905281,1,1
175,2224900187,1,1
176,2224903238,1,1
177,2224903238,1,1
178,2224900187,1,1
179,2129203632,0,0
180,2224815827,1,1
181,2129203632,1,0
182,2224904277,1,1
183,2224900218,1,1
184,2207001505,1,0
185,2224801839,1,1
186,2204603867,0,0
187,2204603867,1,0
188,2224815363,1,1
189,2224901871,1,1
190,2224901083,1,1
191,2224903238,1,1
192,2209801296,0,0
193,2224905281,1,1
194,2224910176,1,1
195,2209801296,0,0
196,2224901928,1,1
197,2224901145,1,1
198,2224902793,1,1
199,2204000724,1,1
200,2224903238,1,1
201,2224905281,1,1
202,2224901083,1,1
203,2207701871,0,0
204,2209800295,1,1
205,2224910176,1,1
206,2209801296,0,0
207,2224815363,1,1
208,2209800295,1,1
209,2224903238,1,1
210,2224900218,1,1
211,2207602153,0,0
212,2224901145,1,1
213,2224909685,1,1
214,2225103595,1,1
215,2207701871,0,0
216,2224815363,1,1
217,2224902632,1,1
218,2224904790,1,1
219,2224901871,1,1
220,2224900187,1,1
221,2224901083,1,1
222,2207602153,0,0
223,2207602153,0,0
224,2224900179,1,1
225,2224900264,1,1
226,2209719866,0,1
227,2224902632,1,1
228,2224900218,1,1
229,2224900264,1,1
230,2209800308,1,1
231,2225103595,1,1
232,2209801296,0,0
233,2225103595,1,1
234,2224902632,1,1
235,2224904790,1,1
236,2207602153,1,0
237,2224909685,1,1
238,2224904790,1,1
239,2224900187,1,1
240,2204603867,1,0
241,2224900187,1,1
242,2209800308,1,1
243,2129203632,1,0
244,2224900187,1,1
245,2224910176,1,1
246,2204603867,1,0
247,2224900672,1,1
248,2224909685,1,1
249,2224816167,1,1
250,2207001505,1,0
251,2208108366,0,0
252,2224910176,1,1
253,2224909685,1,1
254,2208108366,0,0
255,2224903238,1,1
256,2224902793,1,1
257,2224900179,1,1
258,2224900672,1,1
259,2224910176,1,1
260,2204000724,1,1
261,2224901871,1,1
262,2224905281,1,1
263,2224801839,1,1
264,2208108366,0,0
265,2224904277,1,1
266,2224903238,1,1
267,2224900187,1,1
268,2209800295,1,1
269,2224816167,1,1
270,2224910176,1,1
271,2224901928,1,1
272,2224902793,1,1
273,2208108366,0,0
274,2224901928,1,1
275,2224801839,1,1
276,2224904277,1,1
277,2224902793,1,1
278,2224904277,1,1
279,2224904790,1,1
280,2224815827,1,1
281,2224901083,1,1
282,2209801296,0,0
283,2224900187,1,1
284,2209800308,1,1
285,2224815363,1,1
286,2204000724,1,1
287,2224816167,1,1
288,2224815827,1,1
289,2224900218,1,1
290,2207701871,0,0
291,2224901871,1,1
292,2224905281,1,1
293,2207701871,0,0
294,2209801296,1,0
295,2225103595,1,1
296,2224902632,1,1
297,2225101162,1,1
298,2209800295,1,1
299,2224901871,1,1
300,2204603867,0,0
301,2224900264,1,1
302,2207701871,0,0
303,2224900187,1,1
304,2224904790,1,1
305,2224900264,1,1
306,2224904277,1,1
307,2225103595,1,1
308,2224901871,1,1
309,2224900179,1,1
310,2224900218,1,1
311,2224903238,1,1
312,2224900218,1,1
313,2224910176,1,1
314,2224900179,1,1
315,2224901145,1,1
316,2224902632,1,1
317,2207602153,1,0
318,2209800295,1,1
319,2224903238,1,1
320,2224900218,1,1
321,2224901145,1,1
322,2224904790,1,1
323,2209719866,1,1
324,2224900187,1,1
325,2224904790,1,1
326,2224901083,1,1
327,2224815363,1,1
328,2224901083,1,1
329,2207602153,1,0
330,2224801839,1,1
331,2224905281,1,1
332,2224801839,1,1
333,2224901083,1,1
334,2224904277,1,1
335,2224901083,1,1
336,2225103595,1,1
337,2224901871,1,1
338,2209800295,0,1
339,2224909685,1,1
340,2224900672,1,1
341,2224902632,1,1
342,2207602153,1,0
343,2224801839,1,1
344,2224816167,1,1
345,2207602153,0,0
346,2224904277,1,1
347,2224801839,1,1
348,2224901145,1,1
349,2224901871,1,1
350,2209800308,1,1
351,2224909685,1,1
352,2224901145,1,1
353,2225103595,1,1
354,2224801839,1,1
355,2224905281,1,1
356,2224900187,1,1
357,2209801296,0,0
358,2224900264,1,1
359,2224901871,1,1
360,2224910176,1,1
361,2224901871,1,1
362,2204000724,1,1
363,2224816167,1,1
364,2225103595,1,1
365,2224900264,1,1
366,2224815827,1,1
367,2224815827,1,1
368,2224801839,1,1
369,2224901145,1,1
370,2207602153,1,0
371,2224816167,1,1
372,2224900264,1,1
373,2224901083,1,1
374,2224909685,1,1
375,2224902632,1,1
376,2224900179,1,1
377,2207701871,0,0
378,2224900179,1,1
379,2224900179,1,1
380,2224900264,1,1
381,2207602153,0,0
382,2224905281,1,1
383,2224900187,1,1
384,2207602153,0,0
385,2224905281,1,1
386,2129203632,0,0
387,2224900264,1,1
388,2224816167,1,1
389,2224900264,1,1
390,2224900187,1,1
391,2209800295,1,1
392,2224903238,1,1
393,2209800295,1,1
394,2224801839,1,1
395,2224904790,1,1
396,2209801296,0,0
397,2207001505,0,0
398,2224901871,1,1
399,2208108366,0,0
400,2224900672,1,1
401,2224900179,1,1
402,2224902793,1,1
403,2224900218,1,1
404,2225103595,1,1
405,2224903238,1,1
406,2224901928,1,1
407,2207701871,0,0
408,2224900264,1,1
409,2224816167,1,1
410,2207001505,1,0
411,2208108366,0,0
412,2204000724,1,1
413,2224904277,1,1
414,2224909685,1,1
415,2224900187,1,1
416,2224905281,1,1
417,2224901145,1,1
418,2224903238,1,1
419,2209800308,1,1
420,2207602153,0,0
421,2209801296,0,0
422,2224801839,1,1
423,2224902793,1,1
424,2224900264,1,1
425,2224905281,1,1
426,2204603867,0,0
427,2224903238,1,1
428,2224904790,1,1
429,2224901083,1,1
430,2209719866,1,1
431,2224904790,1,1
432,2224900218,1,1
433,2209801296,1,0
434,2224901083,1,1
435,2224903238,1,1
436,2224900187,1,1
437,2224900672,1,1
438,2224903238,1,1
439,2209801296,0,0
440,2207701871,0,0
441,2224815363,1,1
442,2208108366,0,0
443,2224815827,1,1
444,2209800308,1,1
445,2224815827,1,1
446,2209800295,1,1
447,2224910176,1,1
448,2224900187,1,1
449,2224816167,1,1
450,2209800295,1,1
451,2224901928,1,1
452,2207001505,1,0
453,2224901145,1,1
454,2224901083,1,1
455,2224801839,1,1
456,2224900187,1,1
457,2207602153,1,0
458,2205001262,0,0
459,2224904277,1,1
460,2224816167,1,1
461,2224901145,1,1
462,2204000724,1,1
463,2224901928,1,1
464,2204603867,1,0
465,2224900187,1,1
466,2224901083,1,1
467,2224901083,1,1
468,2224816167,1,1
469,2225103595,1,1
470,2209801296,0,0
471,2224904790,1,1
472,2224900264,1,1
473,2224905281,1,1
474,2224815827,1,1
475,2224816167,1,1
476,2207701871,0,0
477,2209800308,1,1
478,2224901145,1,1
479,2224801839,1,1
480,2207001505,0,0
481,2224815827,1,1
482,2208108366,0,0
483,2208108366,0,0
484,2224905281,1,1
485,2224901083,1,1
486,2224904790,1,1
487,2208108366,0,0
488,2224909685,1,1
489,2224902632,1,1
490,2224904790,1,1
491,2209719866,1,1
492,2224903238,1,1
493,2224900187,1,1
494,2224905281,1,1
495,2207701871,0,0
496,2224901083,1,1
497,2224900672,1,1
498,2224909685,1,1
499,2224801839,1,1
500,2209719866,1,1
501,2224816167,1,1
502,2225103595,1,1
503,2224904277,1,1
504,2207602153,1,0
505,2209800295,1,1
506,2224902632,1,1
507,2209801296,0,0
508,2224910176,1,1
509,2224801839,1,1
510,2225101162,1,1
511,2209719866,1,1
512,2224900264,1,1
513,2207602153,0,0
514,2224900218,1,1
515,2224901145,1,1
516,2209800308,1,1
517,2224900264,1,1
518,2204603867,1,0
519,2224815363,1,1
520,2224900218,1,1
521,2224903238,1,1
522,2224815827,1,1
523,2209801296,0,0
524,2224815827,1,1
525,2209801296,1,0
526,2209801296,0,0
527,2207602153,0,0
528,2224910176,1,1
529,2224900672,1,1
530,2224901145,1,1
531,2207602153,1,0
532,2209800295,1,1
533,2224815827,1,1
534,2209800308,1,1
535,2224901871,1,1
536,2209719866,1,1
537,2224910176,1,1
538,2224910176,1,1
539,2224815827,1,1
540,2209800295,1,1
541,2224815827,1,1
542,2209801296,0,0
543,2224900218,1,1
544,2209800308,1,1
545,2224900264,1,1
546,2224903238,1,1
547,2224910176,1,1
548,2224901083,1,1
549,2209800295,1,1
550,2209801296,0,0
551,2224815827,1,1
552,2224901871,1,1
553,2224815363,1,1
554,2204000724,1,1
555,2224801839,1,1
556,2209800295,1,1
557,2224901083,1,1
558,2224900218,1,1
559,2224900187,1,1
560,2205001262,0,0
561,2224816167,1,1
562,2224815363,1,1
563,2209800308,1,1
564,2224900218,1,1
565,2207602153,1,0
566,2208108366,0,0
567,2224901928,1,1
568,2205001262,0,0
569,2209800295,1,1
570,2224904790,1,1
571,2129203632,1,0
572,2208108366,0,0
573,2207701871,0,0
574,2224900187,1,1
575,2224910176,1,1
576,2224902632,1,1
577,2209719866,1,1
578,2207602153,1,0
579,2224903238,1,1
580,2224815363,1,1
581,2224910176,1,1
582,2224910176,1,1
583,2224815827,1,1
584,2224901145,1,1
585,2224903238,1,1
586,2209800308,1,1
587,2208108366,0,0
588,2207602153,0,0
589,2209800295,1,1
590,2224900179,1,1
591,2204000724,1,1
592,2224901083,1,1
593,2224901083,1,1
594,2224905281,1,1
595,2224901871,1,1
596,2204000724,1,1
597,2224902793,1,1
598,2204000724,1,1
599,2224900179,1,1
600,2224901871,1,1
601,2224903238,1,1
602,2224904790,1,1
603,2204000724,1,1
604,2209800308,1,1
605,2224900179,1,1
606,2224900187,1,1
607,2225103595,1,1
608,2224903238,1,1
609,2224801839,1,1
610,2129203632,1,0
611,2224901145,1,1
612,2224816167,1,1
613,2224900187,1,1
614,2224902632,1,1
615,2224816167,1,1
616,2224903238,1,1
617,2224905281,1,1
618,2224904790,1,1
619,2224903238,1,1
620,2224900264,1,1
621,2225103595,1,1
622,2224901083,1,1
623,2224801839,1,1
624,2224905281,1,1
625,2207001505,0,0
626,2209800308,1,1
627,2224901083,1,1
628,2224901145,1,1
629,2204603867,0,0
630,2209719866,0,1
631,2224902793,1,1
632,2209800308,1,1
633,2224900218,1,1
634,2224901928,1,1
635,2224901083,1,1
636,2224902793,1,1
637,2224900187,1,1
638,2224900672,1,1
639,2224902632,1,1
640,2224905281,1,1
641,2224900187,1,1
642,2224900264,1,1
643,2224903238,1,1
644,2205001262,0,0
645,2209801296,1,0
646,2224901145,1,1
647,2224901083,1,1
648,2224900264,1,1
649,2207001505,0,0
650,2207701871,0,0
651,2224816167,1,1
652,2224900187,1,1
653,2224900264,1,1
654,2224801839,1,1
655,2224816167,1,1
656,2224910176,1,1
657,2224801839,1,1
658,2224900264,1,1
659,2224816167,1,1
660,2209801296,0,0
661,2207602153,0,0
662,2205001262,1,0
663,2129203632,1,0
664,2207701871,0,0
665,2209801296,0,0
666,2225101162,1,1
667,2224901145,1,1
668,2209801296,0,0
669,2224901145,1,1
670,2209800308,1,1
671,2224815363,1,1
672,2209801296,0,0
673,2224816167,1,1
674,2224902793,1,1
675,2224900672,1,1
676,2209801296,0,0
677,2224816167,1,1
678,2224815827,1,1
679,2224909685,1,1
680,2225101162,1,1
681,2224900187,1,1
682,2224905281,1,1
683,2224903238,1,1
684,2224900218,1,1
685,2224901928,1,1
686,2224900672,1,1
687,2205001262,0,0
688,2224900179,1,1
689,2224901083,1,1
690,2209801296,1,0
691,2224904277,1,1
692,2224900179,1,1
693,2224900187,1,1
694,2208108366,0,0
695,2204000724,1,1
696,2224901871,1,1
697,2224910176,1,1
698,2224903238,1,1
699,2207701871,0,0
700,2224901083,1,1
701,2224909685,1,1
702,2224801839,1,1
703,2204000724,1,1
704,2224902632,1,1
705,2224900187,1,1
706,2224905281,1,1
707,2224900179,1,1
708,2224909685,1,1
709,2224901928,1,1
710,2224815827,1,1
711,2224901871,1,1
712,2224900179,1,1
713,2209801296,0,0
714,2204000724,1,1
715,2204000724,1,1
716,2207001505,0,0
717,2224900187,1,1
718,2129203632,0,0
719,2224816167,1,1
720,2224801839,1,1
721,2224904790,1,1
722,2224901928,1,1
723,2224815827,1,1
724,2209800295,1,1
725,2209800308,1,1
726,2224900264,1,1
727,2204000724,1,1
728,2224900179,1,1
729,2204000724,1,1
730,2224902632,1,1
731,2224910176,1,1
732,2224901871,1,1
733,2224900187,1,1
734,2208108366,0,0
735,2224902632,1,1
736,2224815827,1,1
737,2224801839,1,1
738,2207602153,1,0
739,2224801839,0,1
740,2224901928,1,1
741,2224900187,1,1
742,2224900187,1,1
743,2224901871,1,1
744,2224816167,0,1
745,2224910176,1,1
746,2224900218,1,1
747,2209800295,1,1
748,2224900179,1,1
749,2224900264,1,1
750,2224902793,1,1
751,2224900672,1,1
752,2224905281,1,1
753,2224815363,1,1
754,2224909685,1,1
755,2225101162,1,1
756,2209801296,0,0
757,2224901871,1,1
758,2224901928,1,1
759,2224905281,1,1
760,2224901145,1,1
761,2224900218,1,1
762,2224815827,1,1
763,2224901083,1,1
764,2224901145,1,1
765,2209801296,1,0
766,2224901871,1,1
767,2224900218,1,1
768,2209800308,1,1
769,2209800308,1,1
770,2129203632,0,0
771,2224902632,1,1
772,2224815363,1,1
773,2207001505,0,0
774,2224900187,1,1
775,2224901928,1,1
776,2224801839,1,1
777,2224900187,1,1
778,2129203632,0,0
779,2224900218,1,1
780,2207602153,0,0
781,2224815363,1,1
782,2209800308,1,1
783,2224902632,1,1
784,2209801296,1,0
785,2224900187,1,1
786,2224903238,1,1
787,2224910176,1,1
788,2224903238,1,1
789,2224815363,1,1
790,2224910176,1,1
791,2209719866,0,1
792,2224904790,1,1
793,2224901145,1,1
794,2224901083,1,1
795,2224900218,1,1
796,2225101162,1,1
797,2207701871,0,0
798,2207001505,1,0
799,2224901871,1,1
800,2207602153,1,0
801,2224901145,1,1
802,2224900218,1,1
803,2224901871,1,1
804,2208108366,0,0
805,2224816167,1,1
806,2224816167,1,1
807,2224910176,1,1
808,2224901083,1,1
809,2224900264,1,1
810,2209801296,0,0
811,2209800308,1,1
812,2224816167,1,1
813,2224801839,1,1
814,2224815827,1,1
815,2224901871,1,1
816,2209801296,0,0
817,2224900264,1,1
818,2224904790,1,1
819,2224902793,1,1
820,2224901083,1,1
821,2224902632,1,1
822,2224900187,1,1
823,2209800295,1,1
824,2224901083,1,1
825,2204603867,1,0
826,2224904790,1,1
827,2224904790,1,1
828,2224909685,1,1
829,2209801296,0,0
830,2224902632,1,1
831,2209800295,1,1
832,2224905281,1,1
833,2224900187,1,1
834,2204000724,1,1
835,2224904790,1,1
836,2209800308,1,1
837,2224816167,1,1
838,2224903238,1,1
839,2224909685,1,1
840,2224816167,1,1
841,2224909685,1,1
842,2225103595,1,1
843,2224901871,1,1
844,2224902632,1,1
845,2224900218,1,1
846,2224900264,1,1
847,2224901083,1,1
848,2224815363,1,1
849,2129203632,1,0
850,2224901083,1,1
851,2204603867,1,0
852,2224905281,1,1
853,2209801296,0,0
854,2224909685,1,1
855,2208108366,0,0
856,2209801296,0,0
857,2224902632,1,1
858,2224901083,1,1
859,2224904277,1,1
860,2224815363,1,1
861,2224904277,1,1
862,2224901928,1,1
863,2224901871,1,1
864,2207001505,1,0
865,2224901083,1,1
866,2224903238,1,1
867,2209719866,0,1
868,2204603867,1,0
869,2224900218,1,1
870,2209800308,1,1
871,2224902793,1,1
872,2224910176,1,1
873,2224900672,1,1
874,2224902632,1,1
875,2207602153,0,0
876,2224900187,1,1
877,2224900187,1,1
878,2224901083,1,1
879,2224900179,1,1
880,2224902632,1,1
881,2225103595,1,1
882,2224900218,1,1
883,2207602153,0,0
884,2209801296,0,0
885,2224900179,1,1
886,2224910176,0,1
887,2209800308,1,1
888,2207602153,1,0
889,2224902793,1,1
890,2224815363,1,1
891,2207701871,0,0
892,2224901145,1,1
893,2207701871,0,0
894,2207701871,0,0
895,2208108366,0,0
896,2224910176,1,1
897,2224910176,1,1
898,2225101162,1,1
899,2207701871,0,0
900,2224901871,1,1
901,2209801296,0,0
902,2224900218,1,1
903,2224902632,0,1
904,2224901145,1,1
905,2224815363,1,1
906,2207001505,0,0
907,2224816167,1,1
908,2224901928,1,1
909,2224901928,1,1
910,2224815827,1,1
911,2129203632,1,0
912,2224901928,1,1
913,2224904790,1,1
914,2207001505,1,0
915,2207701871,0,0
916,2225101162,1,1
917,2209800295,1,1
918,2224903238,1,1
919,2209800308,1,1
920,2209801296,0,0
921,2224910176,1,1
922,2224815363,1,1
923,2224900218,1,1
924,2209719866,1,1
925,2205001262,1,0
926,2207001505,0,0
927,2225103595,1,1
928,2208108366,0,0
929,2209800308,1,1
930,2224902632,0,1
931,2209800295,1,1
932,2224905281,1,1
933,2209719866,1,1
934,2225103595,1,1
935,2209801296,0,0
936,2224910176,1,1
937,2224901083,1,1
938,2224904790,1,1
939,2207602153,1,0
940,2224900187,1,1
941,2224816167,1,1
942,2209801296,0,0
943,2224900187,1,1
944,2224900218,1,1
945,2224903238,1,1
946,2224901871,1,1
947,2224801839,1,1
948,2224900179,1,1
949,2208108366,0,0
950,2129203632,0,0
951,2224901145,1,1
952,2224901928,1,1
953,2224900187,1,1
954,2129203632,0,0
955,2207602153,0,0
956,2224900264,1,1
957,2224900187,1,1
958,2224901928,1,1
959,2208108366,0,0
960,2129203632,1,0
961,2208108366,0,0
962,2207602153,1,0
963,2224801839,1,1
964,2224901145,1,1
965,2224904277,1,1
966,2205001262,1,0
967,2224900187,1,1
968,2209800308,1,1
969,2208108366,0,0
970,2224901871,1,1
971,2209800308,1,1
972,2224910176,1,1
973,2224901871,1,1
974,2224909685,1,1
975,2224816167,1,1
976,2224902793,1,1
977,2224900264,1,1
978,2224900179,1,1
979,2224900187,1,1
980,2207701871,0,0
981,2209800308,1,1
982,2224905281,1,1
983,2224900672,1,1
984,2224909685,1,1
985,2224900264,1,1
986,2205001262,0,0
987,2225101162,1,1
988,2207701871,0,0
989,2224900264,0,1
990,2204000724,1,1
991,2224900218,1,1
992,2224900179,1,1
993,2224900264,1,1
994,2225103595,1,1
995,2224903238,1,1
996,2224910176,1,1
997,2224900672,1,1
998,2224901083,1,1
999,2224900218,1,1
1000,2224900187,1,1
1001,2224901083,1,1
1002,2129203632,1,0
1003,2224902793,1,1
1004,2224901083,1,1
1005,2224816167,1,1
1006,2207001505,0,0
1007,2224905281,1,1
1008,2204000724,1,1
1009,2224905281,1,1
1010,2224901928,1,1
1011,2224901145,1,1
1012,2224905281,1,1
1013,2209719866,1,1
1014,2224900179,1,1
1015,2208108366,0,0
1016,2207001505,1,0
1017,2209801296,0,0
1018,2207001505,1,0
1019,2224903238,1,1
1020,2129203632,1,0
1021,2224901145,1,1
1022,2207602153,1,0
1023,2209800308,1,1
1024,2224801839,1,1
1025,2224816167,1,1
1026,2224903238,1,1
1027,2224900672,1,1
1028,2207701871,0,0
1029,2224905281,1,1
1030,2209801296,0,0
1031,2207701871,0,0
1032,2224901083,1,1
1033,2224900187,1,1
1034,2224801839,1,1
1035,2224910176,1,1
1036,2224905281,1,1
1037,2224910176,1,1
1038,2208108366,0,0
1039,2129203632,1,0
1040,2224900187,1,1
1041,2224910176,1,1
1042,2224815363,1,1
1043,2209800308,1,1
1044,2224902793,1,1
1045,2224901871,1,1
1046,2224901871,1,1
1047,2224900264,1,1
1048,2209800295,1,1
1049,2209800308,1,1
1050,2224900218,1,1
1051,2224910176,1,1
1052,2207001505,1,0
1053,2224900187,1,1
1054,2224900264,1,1
1055,2129203632,1,0
1056,2209800295,1,1
1057,2207602153,1,0
1058,2224901928,1,1
1059,2224816167,1,1
1060,2224815363,1,1
1061,2224910176,1,1
1062,2205001262,0,0
1063,2224801839,1,1
1064,2207001505,1,0
1065,2224903238,0,1
1066,2224910176,1,1
1067,2224902632,1,1
1068,2209801296,0,0
1069,2224801839,1,1
1070,2207001505,1,0
1071,2224909685,1,1
1072,2224900187,1,1
1073,2224900264,1,1
1074,2224815363,1,1
1075,2224815363,1,1
1076,2224900218,1,1
1077,2224801839,1,1
1078,2224815827,1,1
1079,2129203632,1,0
1080,2209801296,0,0
1081,2207602153,1,0
1082,2224901928,1,1
1083,2224902793,1,1
1084,2224900218,1,1
1085,2225103595,1,1
1086,2224901083,1,1
1087,2207001505,1,0
1088,2224900672,1,1
1089,2224900187,1,1
1090,2224903238,1,1
1091,2209800295,1,1
1092,2209801296,0,0
1093,2208108366,0,0
1094,2209800295,1,1
1095,2225103595,1,1
1096,2224815827,1,1
1097,2224900264,1,1
1098,2224801839,1,1
1099,2224901871,1,1
1100,2224900187,1,1
1101,2209800295,1,1
1102,2208108366,0,0
1103,2224901083,1,1
1104,2207602153,1,0
1105,2224901871,1,1
1106,2204000724,1,1
1107,2224900264,1,1
1108,2224901871,1,1
1109,2224909685,1,1
1110,2224815363,1,1
1111,2224901928,1,1
1112,2224903238,1,1
1113,2204000724,1,1
1114,2224801839,1,1
1115,2209800295,1,1
1116,2224900218,1,1
1117,2224909685,1,1
1118,2224815827,1,1
1119,2225103595,1,1
1120,2224905281,1,1
1121,2224900179,1,1
1122,2224900264,1,1
1123,2224902793,1,1
1124,2204603867,1,0
1125,2224900187,1,1
1126,2224815827,1,1
1127,2207602153,0,0
1128,2224900179,1,1
1129,2204000724,1,1
1130,2224910176,1,1
1131,2224901083,1,1
1132,2224901871,1,1
1133,2224905281,1,1
1134,2224903238,1,1
1135,2224900218,1,1
1136,2224815363,1,1
1137,2224901145,1,1
1138,2224910176,1,1
1139,2225103595,1,1
1140,2207701871,0,0
1141,2224900187,1,1
1142,2224902793,1,1
1143,2224901928,1,1
1144,2209801296,1,0
1145,2224815363,1,1
1146,2224901145,1,1
1147,2224901145,1,1
1148,2224903238,1,1
1149,2224901145,1,1
1150,2224815363,1,1
1151,2224901871,1,1
1152,2129203632,0,0
1153,2207001505,1,0
1154,2225103595,1,1
1155,2224901145,1,1
1156,2225103595,1,1
1157,2209800295,1,1
1158,2224904277,1,1
1159,2224901145,1,1
1160,2209801296,0,0
1161,2224909685,1,1
1162,2224900218,1,1
1163,2224901145,1,1
1164,2224815363,1,1
1165,2224909685,1,1
1166,2224904790,1,1
1167,2224801839,1,1
1168,2204000724,1,1
1169,2224900672,1,1
1170,2209801296,1,0
1171,2224910176,1,1
1172,2207602153,1,0
1173,2224900187,1,1
1174,2224801839,1,1
1175,2204000724,1,1
1176,2224815363,1,1
1177,2224901145,1,1
1178,2224815827,1,1
1179,2209800295,1,1
1180,2224910176,1,1
1181,2224904790,1,1
1182,2224816167,1,1
1183,2224901871,1,1
1184,2224903238,1,1
1185,2225103595,1,1
1186,2224905281,1,1
1187,2209801296,0,0
1188,2224901145,1,1
1189,2224910176,1,1
1190,2205001262,0,0
1191,2207602153,0,0
1192,2224900218,1,1
1193,2209800308,1,1
1194,2224900187,1,1
1195,2224901145,1,1
1196,2224900187,1,1
1197,2224900179,1,1
1198,2207602153,1,0
1199,2224900187,1,1
1200,2205001262,0,0
1201,2209800308,1,1
1202,2204603867,1,0
1203,2224815363,1,1
1204,2224904790,1,1
1205,2224901928,1,1
1206,2224903238,1,1
1207,2224900218,1,1
1208,2207602153,1,0
1209,2224904277,1,1
1210,2224904790,1,1
1211,2207602153,0,0
1212,2224910176,1,1
1213,2224900218,1,1
1214,2209800295,1,1
1215,2207001505,1,0
1216,2225103595,1,1
1217,2207602153,1,0
1218,2204603867,1,0
1219,2224900218,1,1
1220,2224900187,1,1
1221,2224900218,1,1
1222,2204603867,1,0
1223,2224910176,1,1
1224,2224905281,1,1
1225,2208108366,0,0
1226,2224900218,1,1
1227,2224903238,1,1
1228,2224901083,1,1
1229,2224815363,1,1
1230,2224801839,1,1
1231,2204000724,1,1
1232,2224900179,1,1
1233,2209719866,1,1
1234,2204000724,1,1
1235,2224901083,1,1
1236,2209801296,0,0
1237,2224905281,1,1
1238,2224903238,1,1
1239,2204603867,1,0
1240,2129203632,0,0
1241,2224801839,1,1
1242,2224900179,1,1
1243,2224900218,1,1
1244,2207001505,0,0
1245,2209800308,1,1
1246,2209719866,0,1
1247,2129203632,0,0
1248,2224900218,1,1
1249,2224900264,1,1
1250,2224910176,1,1
1251,2224903238,1,1
1252,2224815363,1,1
1253,2224801839,1,1
1254,2209719866,1,1
1255,2207602153,1,0
1256,2209719866,1,1
1257,2224905281,1,1
1258,2224815827,1,1
1259,2224904790,1,1
1260,2224910176,0,1
1261,2224900187,1,1
1262,2224910176,1,1
1263,2224901145,1,1
1264,2224900218,1,1
1265,2224901928,1,1
1266,2224901928,1,1
1267,2209800295,1,1
1268,2224904277,1,1
1269,2224904277,1,1
1270,2204000724,1,1
1271,2224902632,1,1
1272,2225101162,0,1
1273,2129203632,1,0
1274,2205001262,0,0
1275,2224904277,1,1
1276,2224900218,1,1
1277,2224901145,1,1
1278,2224900672,1,1
1279,2224901145,1,1
1280,2225103595,1,1
1281,2224801839,1,1
1282,2224900264,1,1
1283,2224904790,1,1
1284,2129203632,1,0
1285,2224904790,1,1
1286,2225103595,1,1
1287,2224900187,1,1
1288,2224903238,1,1
1289,2224815827,1,1
1290,2209800308,1,1
1291,2224900179,1,1
1292,2224905281,1,1
1293,2224900187,1,1
1294,2209719866,1,1
1295,2209719866,1,1
1296,2224909685,1,1
1297,2224815827,1,1
1298,2224815827,1,1
1299,2224815363,1,1
1300,2209719866,1,1
1301,2224816167,1,1
1302,2224900218,1,1
1303,2224909685,1,1
1304,2207701871,0,0
1305,2224900264,1,1
1306,2224901145,1,1
1307,2224901083,1,1
1308,2224905281,1,1
1309,2225103595,1,1
1310,2224904277,1,1
1311,2224900187,1,1
1312,2224815827,1,1
1313,2224900218,1,1
1314,2224900672,1,1
1315,2224900218,1,1
1316,2224816167,1,1
1317,2224815363,1,1
1318,2224910176,1,1
1319,2208108366,0,0
1320,2224815363,1,1
1321,2224901871,1,1
1322,2224815363,1,1
1323,2224901083,1,1
1324,2224901928,1,1
1325,2224902793,1,1
1326,2224815827,1,1
1327,2224901145,1,1
1328,2224815363,1,1
1329,2224801839,1,1
1330,2224900179,1,1
1331,2224901871,1,1
1332,2224902632,1,1
1333,2224901928,1,1
1334,2224901928,1,1
1335,2204603867,1,0
1336,2224900264,1,1
1337,2209800295,1,1
1338,2224801839,1,1
1339,2224909685,1,1
1340,2224901145,1,1
1341,2224815827,1,1
1342,2209801296,0,0
1343,2224901145,1,1
1344,2205001262,1,0
1345,2224816167,1,1
1346,2224900187,1,1
1347,2225103595,1,1
1348,2224901928,1,1
1349,2207602153,1,0
1350,2224815363,1,1
1351,2204000724,1,1
1352,2224902793,1,1
1353,2207602153,0,0
1354,2209800308,1,1
1355,2224816167,1,1
1356,2224903238,1,1
1357,2224900672,1,1
1358,2224815827,1,1
1359,2225103595,1,1
1360,2207602153,0,0
1361,2224902793,1,1
1362,2207701871,0,0
1363,2224900187,1,1
1364,2207001505,1,0
1365,2209800295,0,1
1366,2224901145,1,1
1367,2209800295,1,1
1368,2209719866,1,1
1369,2224901145,1,1
1370,2224901928,1,1
1371,2209801296,0,0
1372,2224903238,1,1
1373,2224900672,1,1
1374,2224815827,1,1
1375,2224910176,1,1
1376,2224801839,1,1
1377,2224815827,1,1
1378,2208108366,0,0
1379,2224901928,1,1
1380,2224901145,1,1
1381,2224910176,1,1
1382,2224902793,1,1
1383,2224900264,1,1
1384,2224901083,1,1
1385,2225103595,1,1
1386,2224901145,1,1
1387,2224902632,1,1
1388,2224901871,1,1
1389,2224900179,1,1
1390,2224815827,1,1
1391,2207001505,1,0
1392,2224905281,1,1
1393,2224910176,1,1
1394,2224904277,1,1
1395,2207001505,1,0
1396,2209800295,1,1
1397,2224900218,1,1
1398,2224900187,1,1
1399,2224815827,1,1
1400,2224909685,1,1
1401,2224816167,1,1
1402,2205001262,1,0
1403,2224815827,0,1
1404,2209719866,0,1
1405,2209800308,1,1
1406,2224815827,0,1
1407,2209800308,1,1
1408,2224801839,1,1
1409,2209800308,1,1
1410,2129203632,1,0
1411,2204603867,0,0
1412,2224900218,1,1
1413,2224904790,1,1
1414,2208108366,0,0
1415,2224901871,1,1
1416,2224816167,1,1
1417,2204000724,1,1
1418,2224901145,1,1
1419,2224905281,1,1
1420,2224900264,1,1
1421,2224900218,1,1
1422,2224815827,1,1
1423,2224901083,1,1
1424,2224801839,1,1
1425,2224902793,1,1
1426,2224905281,1,1
1427,2224900672,1,1
1428,2224902632,0,1
1429,2224900264,1,1
1430,2224816167,1,1
1431,2224900672,1,1
1432,2224901871,1,1
1433,2209801296,0,0
1434,2224900179,1,1
1435,2224902793,1,1
1436,2208108366,0,0
1437,2224815827,0,1
1438,2205001262,0,0
1439,2224901145,1,1
1440,2224801839,1,1
1441,2224904277,1,1
1442,2225103595,1,1
1443,2129203632,1,0
1444,2224801839,1,1
1445,2207602153,1,0
1446,2224910176,1,1
1447,2224815827,1,1
1448,2224902793,1,1
1449,2224801839,1,1
1450,2224901928,1,1
1451,2224905281,1,1
1452,2224901145,1,1
1453,2224900218,1,1
1454,2224901871,1,1
1455,2224815827,1,1
1456,2224900672,1,1
1457,2129203632,0,0
1458,2224903238,1,1
1459,2224900179,1,1
1460,2224900672,1,1
1461,2224905281,1,1
1462,2224815363,1,1
1463,2209801296,0,0
1464,2224900264,1,1
1465,2224901871,1,1
1466,2225103595,1,1
1467,2224909685,1,1
1468,2209801296,0,0
1469,2224801839,1,1
1470,2224903238,1,1
1471,2208108366,0,0
1472,2208108366,0,0
1473,2207001505,1,0
1474,2224905281,1,1
1475,2224900264,1,1
1476,2224815827,1,1
1477,2224901871,1,1
1478,2224905281,1,1
1479,2224905281,1,1
1480,2224801839,1,1
1481,2129203632,0,0
1482,2224904790,1,1
1483,2209801296,0,0
1484,2224902632,1,1
1485,2224900264,1,1
1486,2224905281,1,1
1487,2224815363,1,1
1488,2224901083,1,1
1489,2225101162,1,1
1490,2224903238,1,1
1491,2209801296,0,0
1492,2224815363,1,1
1493,2224901145,1,1
1494,2207701871,0,0
1495,2224900264,1,1
1496,2224901145,1,1
1497,2224901083,1,1
1498,2224816167,1,1
1499,2224910176,1,1
1500,2224901083,1,1
1501,2224901145,1,1
1502,2224816167,1,1
1503,2225103595,1,1
1504,2224904277,1,1
1505,2224900218,1,1
1506,2224815363,1,1
1507,2224900264,1,1
1508,2207001505,1,0
1509,2224901083,1,1
1510,2204000724,1,1
1511,2224801839,1,1
1512,2224900264,1,1
1513,2209800308,1,1
1514,2204000724,1,1
1515,2129203632,1,0
1516,2224905281,1,1
1517,2209801296,0,0
1518,2209800308,1,1
1519,2224909685,1,1
1520,2225103595,1,1
1521,2224909685,1,1
1522,2224900218,1,1
1523,2224910176,1,1
1524,2224815827,1,1
1525,2224901145,1,1
1526,2224901871,1,1
1527,2224901145,1,1
1528,2224905281,1,1
1529,2224902793,1,1
1530,2129203632,0,0
1531,2224901928,1,1
1532,2224910176,1,1
1533,2225103595,1,1
1534,2225103595,1,1
1535,2224909685,1,1
1536,2207701871,0,0
1537,2224815827,1,1
1538,2224902793,1,1
1539,2224815363,1,1
1540,2224815827,1,1
1541,2209801296,0,0
1542,2224901928,1,1
1543,2224900187,1,1
1544,2224905281,1,1
1545,2224904277,1,1
1546,2224904277,1,1
1547,2224901871,1,1
1548,2208108366,0,0
1549,2129203632,0,0
1550,2224901928,1,1
1551,2224901871,1,1
1552,2224900672,1,1
1553,2224801839,1,1
1554,2224900264,1,1
1555,2225103595,1,1
1556,2224900187,1,1
1557,2224903238,1,1
1558,2224910176,1,1
1559,2224901145,1,1
1560,2224910176,1,1
1561,2209800308,1,1
1562,2208108366,0,0
1563,2225101162,1,1
1564,2224902793,1,1
1565,2224900264,1,1
1566,2224910176,1,1
1567,2224900218,1,1
1568,2224905281,1,1
1569,2224900187,1,1
1570,2224900187,1,1
1571,2224900264,1,1
1572,2224900187,1,1
1573,2224900264,1,1
1574,2224901083,1,1
1575,2209801296,0,0
1576,2204000724,1,1
1577,2224901145,1,1
1578,2129203632,1,0
1579,2224801839,1,1
1580,2224902632,1,1
1581,2224910176,1,1
1582,2207602153,0,0
1583,2224910176,1,1
1584,2224900218,1,1
1585,2204000724,1,1
1586,2224904790,1,1
1587,2224900187,1,1
1588,2224815827,1,1
1589,2224902793,1,1
1590,2204603867,0,0
1591,2205001262,0,0
1592,2224900264,1,1
1593,2204000724,1,1
1594,2224900672,1,1
1595,2224903238,1,1
1596,2224816167,1,1
1597,2224901145,1,1
1598,2224900264,1,1
1599,2224901871,1,1
1600,2224902632,1,1
1601,2224904277,1,1
1602,2224904790,1,1
1603,2224910176,1,1
1604,2224901083,1,1
1605,2224901145,1,1
1606,2224910176,1,1
1607,2224901871,1,1
1608,2224900179,1,1
1609,2224900264,1,1
1610,2224900187,1,1
1611,2224902632,1,1
1612,2224901145,1,1
1613,2209800295,1,1
1614,2224901145,1,1
1615,2207001505,1,0
1616,2224900187,1,1
1617,2224904277,1,1
1618,2209801296,0,0
1619,2209800295,1,1
1620,2209800308,1,1
1621,2224902632,1,1
1622,2209800295,1,1
1623,2209801296,0,0
1624,2207701871,0,0
1625,2224816167,1,1
1626,2224815363,1,1
1627,2224815827,1,1
1628,2224801839,1,1
1629,2224901928,1,1
1630,2224900187,1,1
1631,2224909685,1,1
1632,2209719866,1,1
1633,2129203632,0,0
1634,2204000724,1,1
1635,2224900179,1,1
1636,2224901145,1,1
1637,2209801296,0,0
1638,2224901083,1,1
1639,2224900187,1,1
1640,2224801839,1,1
1641,2224901928,1,1
1642,2129203632,0,0
1643,2224901083,1,1
1644,2224901083,1,1
1645,2224816167,1,1
1646,2224901145,1,1
1647,2224909685,1,1
1648,2129203632,0,0
1649,2224816167,1,1
1650,2224901083,1,1
1651,2209719866,0,1
1652,2224816167,1,1
1653,2224900187,1,1
1654,2208108366,0,0
1655,2224900179,1,1
1656,2224904790,1,1
1657,2207001505,1,0
1658,2224901145,1,1
1659,2224816167,1,1
1660,2224905281,1,1
1661,2209800308,1,1
1662,2224905281,1,1
1663,2208108366,0,0
1664,2224815363,1,1
1665,2224900672,1,1
1666,2224901145,1,1
1667,2204000724,1,1
1668,2224903238,1,1
1669,2224902793,1,1
1670,2207701871,0,0
1671,2224801839,1,1
1672,2224902793,1,1
1673,2224901145,1,1
1674,2129203632,1,0
1675,2209801296,0,0
1676,2224801839,1,1
1677,2224903238,1,1
1678,2224909685,1,1
1679,2224900179,1,1
1680,2224903238,1,1
1681,2224903238,1,1
1682,2224815827,1,1
1683,2224900264,1,1
1684,2224903238,1,1
1685,2129203632,0,0
1686,2224816167,1,1
1687,2224801839,1,1
1688,2224901928,1,1
1689,2224900187,1,1
1690,2224900179,1,1
1691,2224901928,1,1
1692,2224901871,1,1
1693,2209800295,1,1
1694,2224816167,1,1
1695,2224900218,1,1
1696,2224901083,1,1
1697,2224904277,1,1
1698,2225103595,1,1
1699,2224900218,1,1
1700,2209800295,1,1
1701,2224902632,1,1
1702,2224900218,1,1
1703,2209801296,0,0
1704,2224816167,1,1
1705,2224902793,1,1
1706,2224905281,1,1
1707,2224901083,1,1
1708,2205001262,0,0
1709,2205001262,0,0
1710,2209800308,1,1
1711,2224900187,1,1
1712,2224815827,1,1
1713,2207701871,0,0
1714,2209800295,1,1
1715,2224900264,1,1
1716,2224900218,1,1
1717,2209801296,0,0
1718,2224900218,1,1
1719,2224910176,1,1
1720,2224905281,1,1
1721,2209719866,0,1
1722,2207602153,1,0
1723,2224900179,1,1
1724,2224905281,1,1
1725,2224816167,1,1
1726,2207602153,1,0
1727,2224900179,1,1
1728,2224901145,1,1
1729,2224902632,1,1
1730,2224801839,1,1
1731,2207602153,0,0
1732,2224903238,1,1
1733,2207701871,0,0
1734,2224902793,1,1
1735,2224901928,1,1
1736,2224900218,1,1
1737,2207602153,0,0
1738,2224902793,1,1
1739,2225101162,1,1
1740,2224905281,1,1
1741,2224901145,1,1
1742,2224816167,1,1
1743,2224909685,1,1
1744,2224900264,1,1
1745,2224901871,1,1
1746,2207602153,0,0
1747,2224910176,1,1
1748,2224902632,1,1
1749,2207701871,0,0
1750,2224902793,1,1
1751,2224900218,1,1
1752,2225103595,1,1
1753,2224901145,1,1
1754,2224900187,1,1
1755,2204603867,0,0
1756,2224816167,1,1
1757,2209801296,0,0
1758,2224900264,1,1
1759,2224801839,1,1
1760,2224901083,1,1
1761,2224904277,1,1
1762,2224900218,1,1
1763,2225103595,1,1
1764,2209801296,0,0
1765,2204000724,1,1
1766,2224910176,1,1
1767,2224900179,1,1
1768,2224900187,1,1
1769,2224901871,1,1
1770,2224900179,1,1
1771,2224801839,1,1
1772,2209800295,1,1
1773,2207001505,0,0
1774,2224816167,1,1
1775,2224910176,1,1
1776,2224801839,1,1
1777,2224900187,1,1
1778,2224900179,1,1
1779,2204603867,1,0
1780,2209801296,0,0
1781,2224901871,1,1
1782,2224904790,1,1
1783,2224901083,1,1
1784,2224901083,1,1
1785,2224815363,1,1
1786,2224910176,1,1
1787,2224815827,1,1
1788,2224900187,1,1
1789,2224815363,1,1
1790,2224901145,1,1
1791,2224901871,1,1
1792,2224815827,1,1
1793,2224905281,1,1
1794,2209719866,1,1
1795,2224900179,1,1
1796,2224900218,1,1
1797,2225103595,1,1
1798,2129203632,0,0
1799,2209801296,0,0
1800,2224900672,1,1
1801,2224900187,1,1
1802,2207602153,1,0
1803,2224900264,1,1
1804,2204000724,1,1
1805,2209800295,1,1
1806,2224900218,1,1
1807,2224901871,1,1
1808,2224901145,1,1
1809,2224900218,1,1
1810,2224901871,1,1
1811,2224904277,1,1
1812,2209719866,1,1
1813,2224900264,1,1
1814,2224910176,1,1
1815,2207701871,0,0
1816,2224901145,1,1
1817,2224816167,1,1
1818,2207701871,0,0
1819,2224901145,1,1
1820,2205001262,0,0
1821,2224904277,1,1
1822,2224901928,1,1
1823,2208108366,0,0
1824,2224816167,0,1
1825,2224903238,1,1
1826,2224901928,1,1
1827,2209800295,1,1
1828,2224900218,1,1
1829,2224900264,1,1
1830,2224815363,1,1
1831,2224801839,1,1
1832,2224901871,1,1
1833,2224901145,1,1
1834,2224902793,1,1
1835,2224904277,1,1
1836,2224816167,1,1
1837,2224901083,1,1
1838,2224904790,1,1
1839,2224903238,1,1
1840,2207602153,1,0
1841,2224909685,1,1
1842,2224901871,1,1
1843,2224900218,1,1
1844,2224901145,1,1
1845,2224902793,1,1
1846,2224816167,1,1
1847,2224905281,1,1
1848,2224905281,1,1
1849,2224901145,1,1
1850,2209800295,1,1
1851,2224900672,1,1
1852,2224801839,1,1
1853,2224801839,1,1
1854,2225103595,1,1
1855,2224900218,1,1
1856,2204000724,1,1
1857,2224901871,1,1
1858,2224903238,1,1
1859,2129203632,1,0
1860,2224900179,1,1
1861,2205001262,0,0
1862,2209801296,0,0
1863,2224900264,1,1
1864,2224902632,1,1
1865,2224815363,1,1
1866,2129203632,0,0
1867,2209800308,1,1
1868,2224900187,1,1
1869,2224904790,1,1
1870,2207701871,0,0
1871,2224815827,1,1
1872,2205001262,0,0
1873,2207001505,0,0
1874,2224903238,1,1
1875,2209800295,1,1
1876,2204000724,1,1
1877,2207001505,1,0
1878,2224815827,1,1
1879,2224801839,1,1
1880,2224910176,1,1
1881,2129203632,0,0
1882,2224901871,1,1
1883,2224900218,1,1
1884,2224900218,1,1
1885,2224901083,1,1
1886,2224910176,1,1
1887,2224910176,1,1
1888,2224902793,1,1
1889,2224904790,1,1
1890,2224801839,1,1
1891,2224901145,1,1
1892,2224903238,1,1
1893,2224901145,1,1
1894,2208108366,0,0
1895,2207001505,0,0
1896,2224900187,1,1
1897,2224905281,1,1
1898,2224901928,1,1
1899,2224900264,1,1
1900,2209719866,1,1
1901,2224815827,1,1
1902,2207001505,1,0
1903,2224904277,1,1
1904,2224904790,1,1
1905,2209800308,1,1
1906,2204603867,0,0
1907,2207602153,1,0
1908,2224901928,1,1
1909,2225103595,1,1
1910,2204000724,1,1
1911,2224909685,1,1
1912,2224816167,1,1
1913,2224815363,1,1
1914,2224900187,1,1
1915,2209800295,1,1
1916,2224904790,1,1
1917,2224904277,1,1
1918,2224900264,1,1
1919,2224900672,1,1
1920,2224901871,1,1
1921,2224901928,1,1
1922,2224910176,1,1
1923,2204000724,1,1
1924,2224801839,1,1
1925,2224909685,1,1
1926,2224902632,1,1
1927,2224910176,1,1
1928,2209800308,1,1
1929,2224901145,1,1
1930,2224900179,1,1
1931,2224902632,1,1
1932,2224815827,1,1
1933,2224903238,1,1
1934,2224801839,1,1
1935,2204000724,1,1
1936,2225101162,1,1
1937,2129203632,0,0
1938,2204603867,0,0
1939,2224900218,1,1
1940,2224900187,1,1
1941,2207001505,0,0
1942,2224905281,1,1
1943,2224900218,1,1
1944,2224816167,1,1
1945,2129203632,1,0
1946,2224901083,1,1
1947,2224900264,1,1
1948,2224900187,1,1
1949,2209800308,1,1
1950,2209800295,1,1
1951,2224900179,1,1
1952,2224901928,1,1
1953,2224901871,1,1
1954,2224902632,1,1
1955,2224901083,1,1
1956,2224801839,1,1
1957,2224904790,1,1
1958,2129203632,0,0
1959,2224901083,1,1
1960,2224909685,1,1
1961,2224910176,1,1
1962,2209800295,0,1
1963,2224902793,1,1
1964,2224901871,1,1
1965,2209801296,0,0
1966,2224801839,1,1
1967,2224909685,1,1
1968,2224904277,1,1
1969,2225103595,1,1
1970,2224816167,1,1
1971,2224901871,1,1
1972,2129203632,1,0
1973,2129203632,1,0
1974,2224900264,1,1
1975,2204603867,0,0
1976,2224900187,1,1
1977,2224909685,1,1
1978,2225103595,1,1
1979,2224905281,1,1
1980,2224904277,1,1
1981,2224900672,1,1
1982,2224901083,1,1
1983,2224901145,1,1
1984,2224900218,1,1
1985,2224900264,1,1
1986,2224900187,1,1
1987,2209800308,1,1
1988,2224815827,1,1
1989,2224900179,1,1
1990,2209801296,0,0
1991,2225103595,1,1
1992,2224900187,1,1
1993,2224815827,1,1
1994,2224900672,1,1
1995,2224900672,1,1
1996,2209800295,1,1
1997,2224900218,1,1
1998,2224905281,1,1
1999,2209719866,1,1
2000,2224816167,1,1
2001,2209719866,1,1
2002,2224902632,1,1
2003,2224901871,1,1
2004,2224901145,1,1
2005,2224901083,1,1
2006,2209719866,0,1
2007,2207001505,1,0
2008,2207001505,1,0
2009,2224910176,0,1
2010,2209800295,0,1
2011,2224902632,1,1
2012,2224900179,1,1
2013,2224910176,1,1
2014,2225101162,1,1
2015,2209719866,1,1
2016,2224902632,1,1
2017,2224901145,1,1
2018,2224901871,1,1
2019,2224903238,1,1
2020,2209801296,0,0
2021,2224900187,1,1
2022,2224904790,1,1
2023,2207001505,1,0
2024,2224900264,1,1
2025,2207701871,0,0
2026,2224904790,1,1
2027,2224910176,1,1
2028,2224900187,1,1
2029,2209800308,1,1
2030,2207602153,1,0
2031,2224903238,1,1
2032,2224816167,1,1
2033,2224901145,1,1
2034,2225101162,1,1
2035,2224900218,1,1
2036,2224909685,1,1
2037,2224909685,1,1
2038,2224905281,1,1
2039,2224901145,1,1
2040,2224909685,1,1
2041,2224816167,1,1
2042,2207602153,0,0
2043,2224900218,1,1
2044,2224816167,1,1
2045,2204000724,1,1
2046,2209719866,0,1
2047,2209719866,1,1
2048,2224900187,1,1
2049,2224815827,1,1
2050,2224900187,1,1
2051,2209801296,0,0
2052,2209800295,1,1
2053,2207001505,0,0
2054,2209801296,0,0
2055,2204000724,1,1
2056,2224900187,1,1
2057,2224901083,1,1
2058,2224801839,1,1
2059,2207602153,0,0
2060,2224901871,1,1
2061,2207001505,0,0
2062,2224801839,1,1
2063,2224903238,1,1
2064,2224909685,1,1
2065,2207001505,1,0
2066,2224905281,1,1
2067,2224900218,1,1
2068,2207602153,0,0
2069,2224910176,1,1
2070,2224815827,1,1
2071,2224900264,1,1
2072,2208108366,0,0
2073,2224910176,1,1
2074,2224901871,1,1
2075,2224905281,1,1
2076,2224815363,1,1
2077,2224816167,1,1
2078,2224900264,1,1
2079,2209800295,1,1
2080,2224901871,1,1
2081,2224900187,1,1
2082,2224900264,1,1
2083,2224815363,1,1
2084,2224815363,1,1
2085,2224900187,1,1
2086,2224903238,1,1
2087,2224902632,1,1
2088,2224901145,1,1
2089,2209800295,1,1
2090,2207602153,1,0
2091,2224901083,1,1
2092,2209801296,0,0
2093,2209801296,0,0
2094,2225103595,1,1
2095,2209800295,1,1
2096,2224815363,1,1
2097,2209800308,1,1
2098,2224900179,1,1
2099,2225103595,1,1
2100,2207001505,1,0
2101,2224801839,1,1
2102,2224815827,1,1
2103,2224816167,1,1
2104,2224902632,1,1
2105,2204603867,0,0
2106,2204000724,1,1
2107,2224901083,1,1
2108,2207001505,0,0
2109,2208108366,0,0
2110,2224901083,1,1
2111,2224902632,1,1
2112,2224905281,1,1
2113,2224900187,1,1
2114,2224900218,1,1
2115,2224901928,1,1
2116,2224903238,1,1
2117,2224901928,1,1
2118,2224901928,1,1
2119,2207602153,1,0
2120,2207602153,1,0
2121,2224903238,1,1
2122,2224904277,1,1
2123,2209800295,1,1
2124,2224909685,1,1
2125,2224815363,1,1
2126,2224903238,1,1
2127,2224901145,1,1
2128,2224901928,1,1
2129,2224815363,1,1
2130,2208108366,0,0
2131,2224900218,1,1
2132,2224901871,1,1
2133,2224901145,1,1
2134,2224815827,1,1
2135,2209801296,0,0
2136,2207001505,1,0
2137,2224901928,1,1
2138,2224901083,0,1
2139,2224904790,1,1
2140,2209800308,1,1
2141,2224815827,1,1
2142,2224900264,1,1
2143,2224900264,1,1
2144,2224904277,1,1
2145,2224905281,1,1
2146,2209801296,0,0
2147,2224815363,1,1
2148,2224904277,1,1
2149,2209719866,1,1
2150,2224902632,1,1
2151,2224900264,1,1
2152,2209800295,1,1
2153,2224905281,1,1
2154,2224816167,1,1
2155,2208108366,0,0
2156,2209800295,1,1
2157,2209719866,1,1
2158,2224900218,1,1
2159,2209719866,0,1
2160,2207701871,0,0
2161,2224909685,1,1
2162,2129203632,1,0
2163,2224900264,1,1
2164,2224902632,1,1
2165,2224900179,1,1
2166,2224815363,1,1
2167,2224902793,1,1
2168,2224902632,1,1
2169,2224900264,1,1
2170,2224910176,1,1
2171,2224901145,1,1
2172,2224901083,1,1
2173,2224902632,1,1
2174,2224904790,1,1
2175,2224903238,1,1
2176,2224901083,1,1
2177,2224901928,1,1
2178,2224903238,1,1
2179,2224901083,1,1
2180,2224905281,1,1
2181,2224900264,1,1
2182,2224910176,1,1
2183,2224801839,1,1
2184,2224801839,1,1
2185,2207701871,0,0
2186,2207701871,0,0
2187,2224910176,1,1
2188,2224815827,1,1
2189,2224900264,1,1
2190,2208108366,0,0
2191,2224900187,1,1
2192,2224801839,1,1
2193,2224901145,1,1
2194,2207001505,0,0
2195,2209800308,1,1
2196,2209800295,1,1
2197,2224904790,1,1
2198,2224900187,1,1
2199,2204603867,1,0
2200,2207701871,0,0
2201,2129203632,0,0
2202,2209800308,1,1
2203,2209800308,1,1
2204,2224904790,1,1
2205,2224902632,1,1
2206,2224900264,1,1
2207,2224903238,1,1
2208,2224900187,1,1
2209,2224901145,1,1
2210,2209800308,1,1
2211,2224901083,1,1
2212,2224901928,1,1
2213,2204000724,1,1
2214,2224815827,1,1
2215,2209800308,1,1
2216,2204603867,0,0
2217,2224900672,1,1
2218,2224815827,1,1
2219,2209800295,0,1
2220,2224901928,1,1
2221,2224901871,1,1
2222,2224901871,1,1
2223,2224903238,1,1
2224,2129203632,0,0
2225,2204000724,1,1
2226,2224909685,1,1
2227,2224902632,1,1
2228,2207701871,0,0
2229,2209719866,0,1
2230,2224904277,1,1
2231,2129203632,1,0
2232,2224902632,0,1
2233,2209800295,1,1
2234,2224901871,1,1
2235,2224901145,1,1
2236,2207602153,0,0
2237,2224900187,1,1
2238,2209800295,1,1
2239,2208108366,0,0
2240,2224902632,1,1
2241,2209800308,1,1
2242,2224909685,1,1
2243,2224900264,1,1
2244,2207602153,0,0
2245,2224904790,1,1
2246,2224903238,1,1
2247,2224901928,1,1
2248,2224900179,1,1
2249,2224901871,1,1
2250,2207602153,1,0
2251,2224910176,1,1
2252,2224901871,1,1
2253,2224901083,1,1
2254,2209800308,1,1
2255,2225103595,1,1
2256,2224816167,1,1
2257,2224815827,1,1
2258,2207001505,1,0
2259,2224901083,1,1
2260,2224900218,1,1
2261,2224901871,1,1
2262,2225103595,1,1
2263,2129203632,1,0
2264,2204000724,1,1
2265,2224901083,1,1
2266,2209800295,1,1
2267,2224902632,1,1
2268,2224900264,1,1
2269,2207602153,0,0
2270,2224909685,1,1
2271,2224900672,1,1
2272,2209719866,1,1
2273,2224901145,1,1
2274,2224801839,1,1
2275,2224903238,1,1
2276,2224902632,1,1
2277,2224901928,1,1
2278,2207701871,0,0
2279,2224900218,1,1
2280,2207602153,0,0
2281,2224905281,1,1
2282,2224901928,1,1
2283,2224816167,1,1
2284,2129203632,1,0
2285,2224901145,1,1
2286,2224901871,1,1
2287,2207001505,0,0
2288,2224816167,1,1
2289,2224901871,1,1
2290,2204603867,1,0
2291,2224815827,1,1
2292,2209801296,0,0
2293,2224901871,1,1
2294,2207602153,1,0
2295,2224816167,1,1
2296,2207602153,1,0
2297,2224900264,1,1
2298,2204000724,1,1
2299,2224901145,1,1
2300,2224900672,1,1
2301,2224902793,1,1
2302,2224901928,1,1
2303,2204000724,1,1
2304,2224900179,1,1
2305,2224900187,1,1
2306,2224901928,1,1
2307,2207701871,0,0
2308,2224900218,1,1
2309,2225103595,1,1
2310,2207001505,1,0
2311,2224900218,1,1
2312,2224900187,1,1
2313,2224815827,1,1
2314,2209801296,0,0
2315,2224900187,1,1
2316,2224910176,1,1
2317,2224910176,1,1
2318,2224900187,1,1
2319,2224900264,1,1
2320,2224902632,1,1
2321,2129203632,1,0
2322,2205001262,0,0
2323,2209800308,1,1
2324,2209719866,0,1
2325,2224903238,0,1
2326,2204603867,0,0
2327,2224901928,1,1
2328,2224901928,1,1
2329,2224901083,1,1
2330,2224905281,1,1
2331,2224909685,1,1
2332,2207602153,0,0
2333,2224900218,1,1
2334,2209801296,0,0
2335,2208108366,0,0
2336,2209800308,1,1
2337,2209801296,0,0
2338,2224900672,1,1
2339,2224904277,1,1
2340,2224902632,1,1
2341,2224900218,1,1
2342,2209800295,1,1
2343,2224904790,1,1
2344,2224900672,1,1
2345,2224902632,1,1
2346,2209800308,1,1
2347,2224909685,1,1
2348,2224910176,1,1
2349,2224900187,1,1
2350,2209800295,1,1
2351,2209719866,1,1
2352,2209800308,1,1
2353,2209801296,1,0
2354,2224904277,1,1
2355,2225103595,1,1
2356,2224904277,1,1
2357,2224815363,1,1
2358,2224901928,1,1
2359,2224815363,1,1
2360,2208108366,0,0
2361,2224900264,1,1
2362,2224910176,1,1
2363,2224900187,1,1
2364,2204000724,1,1
2365,2224900672,1,1
2366,2224901083,1,1
2367,2224900187,1,1
2368,2225101162,1,1
2369,2224905281,1,1
2370,2208108366,0,0
2371,2224905281,1,1
2372,2209800295,1,1
2373,2204000724,1,1
2374,2209719866,0,1
2375,2224903238,1,1
2376,2224909685,1,1
2377,2208108366,0,0
2378,2224902793,1,1
2379,2209800295,1,1
2380,2224910176,1,1
2381,2224801839,1,1
2382,2224900187,1,1
2383,2224904277,1,1
2384,2225103595,1,1
2385,2224903238,1,1
2386,2224900264,1,1
2387,2225103595,1,1
2388,2209800308,1,1
2389,2224816167,1,1
2390,2209800308,1,1
2391,2224900672,1,1
2392,2209719866,1,1
2393,2224909685,1,1
2394,2207001505,1,0
2395,2224905281,1,1
2396,2208108366,0,0
2397,2224901145,1,1
2398,2225101162,1,1
2399,2209800308,1,1
2400,2224904277,1,1
2401,2225103595,1,1
2402,2209801296,0,0
2403,2224900218,1,1
2404,2224901083,1,1
2405,2224900187,1,1
2406,2224900187,1,1
2407,2224901928,1,1
2408,2224815827,0,1
2409,2224901083,1,1
2410,2205001262,0,0
2411,2224910176,1,1
2412,2224901871,1,1
2413,2224900218,1,1
2414,2224816167,1,1
2415,2224816167,1,1
2416,2224815827,1,1
2417,2224904790,1,1
2418,2209800308,1,1
2419,2208108366,0,0
2420,2209719866,1,1
2421,2224816167,1,1
2422,2224901871,1,1
2423,2204000724,1,1
2424,2224900179,1,1
2425,2224901871,1,1
2426,2209800295,1,1
2427,2224910176,1,1
2428,2224903238,1,1
2429,2224801839,1,1
2430,2224904790,1,1
2431,2224816167,1,1
2432,2209800295,1,1
2433,2224801839,1,1
2434,2224815363,1,1
2435,2224816167,1,1
2436,2224901083,1,1
2437,2224815827,1,1
2438,2224900187,1,1
2439,2224815827,1,1
2440,2209719866,1,1
2441,2129203632,1,0
2442,2207701871,0,0
2443,2224905281,1,1
2444,2224903238,1,1
2445,2207602153,0,0
2446,2224901145,1,1
2447,2224903238,1,1
2448,2224910176,1,1
2449,2204603867,0,0
2450,2224910176,1,1
2451,2224909685,1,1
2452,2224801839,1,1
2453,2224904790,1,1
2454,2208108366,0,0
2455,2224902632,1,1
2456,2207701871,0,0
2457,2224904790,1,1
2458,2129203632,0,0
2459,2224901871,1,1
2460,2207701871,0,0
2461,2224905281,1,1
2462,2208108366,0,0
2463,2224904277,1,1
2464,2209801296,1,0
2465,2224900264,1,1
2466,2224904277,1,1
2467,2204000724,1,1
2468,2209800308,1,1
2469,2224801839,1,1
2470,2209800295,1,1
2471,2224900264,1,1
2472,2204000724,1,1
2473,2209800295,1,1
2474,2207001505,1,0
2475,2207602153,1,0
2476,2224901871,1,1
2477,2224900672,1,1
2478,2224901145,1,1
2479,2224909685,1,1
2480,2224901871,1,1
2481,2224900264,1,1
2482,2209801296,0,0
2483,2224901928,1,1
2484,2224901145,1,1
2485,2224815363,1,1
2486,2224909685,1,1
2487,2224901928,1,1
2488,2209800295,1,1
2489,2224904790,1,1
2490,2224815827,1,1
2491,2129203632,1,0
2492,2224900218,1,1
2493,2209719866,1,1
2494,2224901928,1,1
2495,2224901083,1,1
2496,2224900672,1,1
2497,2207602153,0,0
2498,2224902793,1,1
2499,2204000724,0,1
2500,2224901083,1,1
2501,2224900264,1,1
2502,2224815827,1,1
2503,2224909685,1,1
2504,2224801839,1,1
2505,2224902793,1,1
2506,2207701871,0,0
2507,2209800295,0,1
2508,2224901928,1,1
2509,2224909685,1,1
2510,2205001262,0,0
2511,2224900179,1,1
2512,2224900179,1,1
2513,2224901145,1,1
2514,2224801839,1,1
2515,2224901083,1,1
2516,2224901871,1,1
2517,2224900179,1,1
2518,2207602153,1,0
2519,2207001505,0,0
2520,2204000724,1,1
2521,2225103595,1,1
2522,2224905281,1,1
2523,2224815363,1,1
2524,2209800308,1,1
2525,2224900179,1,1
2526,2224900187,1,1
2527,2224900218,1,1
2528,2225103595,1,1
2529,2209800295,1,1
2530,2224901928,1,1
2531,2209801296,0,0
2532,2224901083,1,1
2533,2129203632,1,0
2534,2209801296,0,0
2535,2129203632,0,0
2536,2129203632,1,0
2537,2207001505,0,0
2538,2224902793,1,1
2539,2207701871,0,0
2540,2209801296,0,0
2541,2209800295,1,1
2542,2224900218,1,1
2543,2207701871,0,0
2544,2224900264,1,1
2545,2209800295,1,1
2546,2224909685,1,1
2547,2209801296,0,0
2548,2224900264,1,1
2549,2224902632,1,1
2550,2224900179,1,1
2551,2209801296,0,0
2552,2224900179,1,1
2553,2224900218,1,1
2554,2224909685,1,1
2555,2224904790,1,1
2556,2209801296,0,0
2557,2209800308,1,1
2558,2224901145,1,1
2559,2224801839,0,1
2560,2224901145,1,1
2561,2209801296,1,0
2562,2204000724,1,1
2563,2209801296,0,0
2564,2207001505,1,0
2565,2224815363,1,1
2566,2224902632,1,1
2567,2207701871,0,0
2568,2224801839,1,1
2569,2224901083,1,1
2570,2207602153,1,0
2571,2224900179,1,1
2572,2224901871,1,1
2573,2224900179,1,1
2574,2224901928,1,1
2575,2224900179,1,1
2576,2209719866,1,1
2577,2224900672,1,1
2578,2224900179,1,1
2579,2224905281,1,1
2580,2224904790,1,1
2581,2129203632,1,0
2582,2224902632,1,1
2583,2207701871,0,0
2584,2224816167,1,1
2585,2209800308,1,1
2586,2224901871,1,1
2587,2224909685,1,1
2588,2208108366,0,0
2589,2224900672,1,1
2590,2208108366,0,0
2591,2129203632,1,0
2592,2224900179,1,1
2593,2224815363,1,1
2594,2224900264,1,1
2595,2209719866,1,1
2596,2209719866,0,1
2597,2225103595,1,1
2598,2204000724,1,1
2599,2207001505,1,0
2600,2224901871,1,1
2601,2209800308,1,1
2602,2224901871,1,1
2603,2224901871,1,1
2604,2224900187,1,1
2605,2224901083,1,1
2606,2129203632,1,0
2607,2224901928,1,1
2608,2224900672,1,1
2609,2224902632,1,1
2610,2224902793,1,1
2611,2224910176,1,1
2612,2224901871,1,1
2613,2224900672,1,1
2614,2209801296,0,0
2615,2224910176,1,1
2616,2208108366,0,0
2617,2224815827,1,1
2618,2224903238,1,1
2619,2224901083,1,1
2620,2207701871,0,0
2621,2209800295,1,1
2622,2224901145,1,1
2623,2224904790,1,1
2624,2224905281,1,1
2625,2129203632,0,0
2626,2224801839,1,1
2627,2209800295,1,1
2628,2224815827,1,1
2629,2205001262,0,0
2630,2224900218,1,1
2631,2224900218,1,1
2632,2205001262,0,0
2633,2225103595,1,1
2634,2224902632,1,1
2635,2224910176,1,1
2636,2224901083,1,1
2637,2224909685,1,1
2638,2209800308,1,1
2639,2207001505,1,0
2640,2224900264,1,1
2641,2209800308,1,1
2642,2224904277,1,1
2643,2224901928,1,1
2644,2224900218,1,1
2645,2209800308,1,1
2646,2224902632,0,1
2647,2224901928,1,1
2648,2224815363,1,1
2649,2224904277,1,1
2650,2224900187,1,1
2651,2209801296,0,0
2652,2224901928,1,1
2653,2224901145,1,1
2654,2129203632,1,0
2655,2224900187,1,1
2656,2224901083,1,1
2657,2207701871,0,0
2658,2224909685,1,1
2659,2224904277,1,1
2660,2224900264,1,1
2661,2224903238,1,1
2662,2207602153,0,0
2663,2224815827,1,1
2664,2224910176,1,1
2665,2225103595,1,1
2666,2224903238,1,1
2667,2209719866,1,1
2668,2224904790,1,1
2669,2224905281,1,1
2670,2224909685,1,1
2671,2205001262,0,0
2672,2224801839,1,1
2673,2209800295,1,1
2674,2207701871,0,0
2675,2208108366,0,0
2676,2224801839,1,1
2677,2225103595,1,1
2678,2224904790,1,1
2679,2209719866,1,1
2680,2204000724,1,1
2681,2225103595,1,1
2682,2224801839,1,1
2683,2209800295,1,1
2684,2224901145,1,1
2685,2129203632,1,0
2686,2224904790,1,1
2687,2224900218,1,1
2688,2207701871,0,0
2689,2224904790,1,1
2690,2224900264,1,1
2691,2207602153,1,0
2692,2224901871,1,1
2693,2224901145,1,1
2694,2225101162,1,1
2695,2224900187,1,1
2696,2224900187,1,1
2697,2224905281,1,1
2698,2224901083,1,1
2699,2209800308,1,1
2700,2224815827,1,1
2701,2224901083,1,1
2702,2224905281,1,1
2703,2224909685,1,1
2704,2224902632,1,1
2705,2224900187,1,1
2706,2224900187,1,1
2707,2209800295,1,1
2708,2208108366,0,0
2709,2224815363,1,1
2710,2207602153,1,0
2711,2129203632,1,0
2712,2224902793,1,1
2713,2207602153,1,0
2714,2224901871,1,1
2715,2224910176,1,1
2716,2224900218,1,1
2717,2207701871,0,0
2718,2224902793,1,1
2719,2224900218,1,1
2720,2129203632,0,0
2721,2225103595,1,1
2722,2224902793,1,1
2723,2225101162,1,1
2724,2224910176,1,1
2725,2204000724,1,1
2726,2224900179,1,1
2727,2224902793,1,1
2728,2224815363,1,1
2729,2209801296,0,0
2730,2224902793,1,1
2731,2224902632,1,1
2732,2207602153,0,0
2733,2224901871,1,1
2734,2224901145,1,1
2735,2224900179,1,1
2736,2224910176,1,1
2737,2224910176,1,1
2738,2208108366,0,0
2739,2209800308,1,1
2740,2224801839,1,1
2741,2224900218,1,1
2742,2224816167,1,1
2743,2204000724,1,1
2744,2224815827,1,1
2745,2209800295,1,1
2746,2209800295,1,1
2747,2224815827,1,1
2748,2224901871,1,1
2749,2224903238,1,1
2750,2224904790,1,1
2751,2224904790,1,1
2752,2207001505,1,0
2753,2207001505,0,0
2754,2224904277,1,1
2755,2204000724,1,1
2756,2225103595,1,1
2757,2224901145,1,1
2758,2224905281,1,1
2759,2224900218,1,1
2760,2224903238,1,1
2761,2224816167,1,1
2762,2205001262,0,0
2763,2224904790,1,1
2764,2224902793,1,1
2765,2224904277,1,1
2766,2224909685,1,1
2767,2224903238,1,1
2768,2224815363,1,1
2769,2204000724,1,1
2770,2224900672,1,1
2771,2207001505,0,0
2772,2207602153,1,0
2773,2224903238,1,1
2774,2224801839,1,1
2775,2224902632,0,1
2776,2224904790,1,1
2777,2224815827,1,1
2778,2224900187,1,1
2779,2224900264,1,1
2780,2224901145,1,1
2781,2224801839,1,1
2782,2224902793,1,1
2783,2224905281,1,1
2784,2224900179,1,1
2785,2224815827,1,1
2786,2224816167,1,1
2787,2204603867,0,0
2788,2209801296,1,0
2789,2224816167,0,1
2790,2224900187,1,1
2791,2224902793,1,1
2792,2209800295,1,1
2793,2224901145,1,1
2794,2224801839,1,1
2795,2224905281,1,1
2796,2209719866,1,1
2797,2224815827,1,1
2798,2224901928,1,1
2799,2225101162,1,1
2800,2129203632,0,0
2801,2224901871,1,1
2802,2224900218,1,1
2803,2224901145,1,1
2804,2224901871,1,1
2805,2224816167,1,1
2806,2209801296,0,0
2807,2224900187,1,1
2808,2224900264,1,1
2809,2224901871,1,1
2810,2224901145,1,1
2811,2224816167,1,1
2812,2224909685,1,1
2813,2224904790,1,1
2814,2224909685,1,1
2815,2224910176,1,1
2816,2224901928,1,1
2817,2224901871,1,1
2818,2224901871,1,1
2819,2224903238,1,1
2820,2224801839,1,1
2821,2209800308,1,1
2822,2224801839,1,1
2823,2224801839,0,1
2824,2224900187,1,1
2825,2209800308,1,1
2826,2205001262,0,0
2827,2224905281,1,1
2828,2224816167,1,1
2829,2224900672,1,1
2830,2224801839,1,1
2831,2224901871,1,1
2832,2224815827,1,1
2833,2209800295,1,1
2834,2224909685,1,1
2835,2224905281,1,1
2836,2224900218,1,1
2837,2225103595,1,1
2838,2224901928,1,1
2839,2224816167,1,1
2840,2207602153,0,0
2841,2224909685,1,1
2842,2224900179,1,1
2843,2209800295,1,1
2844,2224905281,1,1
2845,2207701871,0,0
2846,2207602153,1,0
2847,2224909685,1,1
2848,2224902632,1,1
2849,2209800308,1,1
2850,2224816167,1,1
2851,2224910176,1,1
2852,2204000724,1,1
2853,2224816167,1,1
2854,2224900218,1,1
2855,2224901928,1,1
2856,2224900218,1,1
2857,2224900218,1,1
2858,2224815363,1,1
2859,2209800295,1,1
2860,2224902793,1,1
2861,2224815827,1,1
2862,2225103595,1,1
2863,2129203632,1,0
2864,2224904277,1,1
2865,2204603867,1,0
2866,2209801296,0,0
2867,2224801839,1,1
2868,2209800308,1,1
2869,2208108366,0,0
2870,2207701871,0,0
2871,2129203632,0,0
2872,2224815827,1,1
2873,2224901928,1,1
2874,2224905281,1,1
2875,2209800308,1,1
2876,2224815363,1,1
2877,2224903238,1,1
2878,2224815363,1,1
2879,2225103595,1,1
2880,2224904790,1,1
2881,2224901871,1,1
2882,2225101162,1,1
2883,2224901928,1,1
2884,2224909685,1,1
2885,2224801839,1,1
2886,2224815827,1,1
2887,2209801296,0,0
2888,2224815363,1,1
2889,2208108366,0,0
2890,2224902793,1,1
2891,2224905281,1,1
2892,2224900218,1,1
2893,2224901871,1,1
2894,2224909685,1,1
2895,2205001262,0,0
2896,2225103595,1,1
2897,2208108366,0,0
2898,2224903238,1,1
2899,2224900218,1,1
2900,2224910176,1,1
2901,2224816167,1,1
2902,2224816167,1,1
2903,2224815827,1,1
2904,2224902793,1,1
2905,2224905281,1,1
2906,2205001262,0,0
2907,2209800308,1,1
2908,2207602153,0,0
2909,2224901928,1,1
2910,2224900179,1,1
2911,2224900187,1,1
2912,2224910176,1,1
2913,2224801839,1,1
2914,2224901145,0,1
2915,2207001505,1,0
2916,2224815827,1,1
2917,2225103595,1,1
2918,2224902632,0,1
2919,2224900218,1,1
2920,2209801296,0,0
2921,2207001505,0,0
2922,2224901145,1,1
2923,2224902632,1,1
2924,2224901928,1,1
2925,2224900672,1,1
2926,2224905281,1,1
2927,2224902793,1,1
2928,2224801839,1,1
2929,2224904790,1,1
2930,2224900672,1,1
2931,2224901871,1,1
2932,2224901928,1,1
2933,2224815827,1,1
2934,2224815827,1,1
2935,2224900672,1,1
2936,2207701871,0,0
2937,2224801839,1,1
2938,2224903238,1,1
2939,2224816167,1,1
2940,2224901928,1,1
2941,2224909685,1,1
2942,2224900218,1,1
2943,2224910176,1,1
2944,2224900264,1,1
2945,2224905281,1,1
2946,2205001262,0,0
2947,2224901928,1,1
2948,2207602153,0,0
2949,2224904790,1,1
2950,2207602153,1,0
2951,2129203632,0,0
2952,2224910176,1,1
2953,2224901928,1,1
2954,2209800295,1,1
2955,2224801839,1,1
2956,2224910176,1,1
2957,2207701871,0,0
2958,2224901083,1,1
2959,2224902793,1,1
2960,2224900187,1,1
2961,2224815827,1,1
2962,2224901145,1,1
2963,2207701871,0,0
2964,2224910176,1,1
2965,2224815827,1,1
2966,2209719866,1,1
2967,2204603867,0,0
2968,2224900179,1,1
2969,2224910176,1,1
2970,2225103595,1,1
2971,2207602153,0,0
2972,2224902793,1,1
2973,2224900672,1,1
2974,2224901928,1,1
2975,2224904790,1,1
2976,2205001262,0,0
2977,2209800295,1,1
2978,2209719866,1,1
2979,2224901083,1,1
2980,2224901871,1,1
2981,2224816167,1,1
2982,2224900179,1,1
2983,2224902793,1,1
2984,2224904277,1,1
2985,2224905281,1,1
2986,2209801296,0,0
2987,2224903238,1,1
2988,2207602153,1,0
2989,2209801296,1,0
2990,2224901871,1,1
2991,2224801839,1,1
2992,2225103595,1,1
2993,2224905281,1,1
2994,2225103595,1,1
2995,2224904790,1,1
2996,2224900218,1,1
2997,2224901083,1,1
2998,2209800295,1,1
2999,2208108366,0,0
3000,2209800295,1,1
3001,2129203632,0,0
3002,2224900672,1,1
3003,2224816167,1,1
3004,2207001505,0,0
3005,2224900187,1,1
3006,2204000724,1,1
3007,2224900264,1,1
3008,2224905281,1,1
3009,2224904790,1,1
3010,2224910176,0,1
3011,2224801839,1,1
3012,2224901145,1,1
3013,2225103595,1,1
3014,2204603867,0,0
3015,2224903238,1,1
3016,2207001505,1,0
3017,2209719866,1,1
3018,2224900264,1,1
3019,2208108366,0,0
3020,2224901145,1,1
3021,2209801296,0,0
3022,2224901928,1,1
3023,2224801839,1,1
3024,2224801839,1,1
3025,2224901083,1,1
3026,2224901928,1,1
3027,2209800295,0,1
3028,2224903238,1,1
3029,2224901928,1,1
3030,2225103595,1,1
3031,2224900264,1,1
3032,2209800308,1,1
3033,2209801296,0,0
3034,2224901083,1,1
3035,2224801839,1,1
3036,2224909685,1,1
3037,2224904277,1,1
3038,2209801296,0,0
3039,2224816167,1,1
3040,2207001505,1,0
3041,2224901145,1,1
3042,2224909685,1,1
3043,2224901083,1,1
3044,2224900218,1,1
3045,2207701871,0,0
3046,2224900264,1,1
3047,2224901083,1,1
3048,2224816167,1,1
3049,2224903238,1,1
3050,2224901083,1,1
3051,2224904790,1,1
3052,2224905281,1,1
3053,2224816167,1,1
3054,2224900179,1,1
3055,2225103595,1,1
3056,2207701871,0,0
3057,2207602153,1,0
3058,2224815827,1,1
3059,2224909685,1,1
3060,2224900264,1,1
3061,2129203632,1,0
3062,2224909685,1,1
3063,2224902793,1,1
3064,2224900187,1,1
3065,2224816167,1,1
3066,2224902793,1,1
3067,2224900187,1,1
3068,2224900218,1,1
3069,2224901083,1,1
3070,2224901871,1,1
3071,2224900218,1,1
3072,2224900264,1,1
3073,2224900672,1,1
3074,2224801839,1,1
3075,2209801296,1,0
3076,2224900264,1,1
3077,2224902793,1,1
3078,2224900187,1,1
3079,2224901145,1,1
3080,2225103595,1,1
3081,2224904790,1,1
3082,2209719866,0,1
3083,2224903238,1,1
3084,2129203632,0,0
3085,2207602153,0,0
3086,2224815363,1,1
3087,2224900187,1,1
3088,2224901145,1,1
3089,2224900264,1,1
3090,2209800295,1,1
3091,2224816167,1,1
3092,2224910176,1,1
3093,2207602153,1,0
3094,2209800308,1,1
3095,2224801839,1,1
3096,2224900218,1,1
3097,2224904790,1,1
3098,2224801839,1,1
3099,2209800295,1,1
3100,2224815363,1,1
3101,2207701871,0,0
3102,2224815363,1,1
3103,2224901928,1,1
3104,2224900218,1,1
3105,2209719866,1,1
3106,2224904277,1,1
3107,2224815827,1,1
3108,2209719866,1,1
3109,2224900264,1,1
3110,2224903238,1,1
3111,2224815363,1,1
3112,2129203632,1,0
3113,2224905281,1,1
3114,2224901145,1,1
3115,2224815827,1,1
3116,2209800308,1,1
3117,2224902793,1,1
3118,2224815363,1,1
3119,2209801296,0,0
3120,2224815827,1,1
3121,2224815363,1,1
3122,2224901145,1,1
3123,2207701871,0,0
3124,2224901145,1,1
3125,2224904277,1,1
3126,2224815363,1,1
3127,2224900264,1,1
3128,2224900218,1,1
3129,2224900672,1,1
3130,2129203632,0,0
3131,2224909685,1,1
3132,2204000724,1,1
3133,2209800308,1,1
3134,2129203632,0,0
3135,2224910176,1,1
3136,2224910176,1,1
3137,2224815827,1,1
3138,2224815363,1,1
3139,2207001505,1,0
3140,2224904277,1,1
3141,2224801839,1,1
3142,2224815827,0,1
3143,2224900264,1,1
3144,2224900218,1,1
3145,2224900187,1,1
3146,2224909685,1,1
3147,2209800295,1,1
3148,2224900264,1,1
3149,2224900672,1,1
3150,2129203632,0,0
3151,2224904790,1,1
3152,2224900218,1,1
3153,2224904790,1,1
3154,2209801296,1,0
3155,2129203632,0,0
3156,2205001262,0,0
3157,2224816167,1,1
3158,2209800295,1,1
3159,2224901871,1,1
3160,2224903238,1,1
3161,2224905281,1,1
3162,2224900264,1,1
3163,2224901083,1,1
3164,2224815827,1,1
3165,2209800308,1,1
3166,2224902793,1,1
3167,2209800295,1,1
3168,2224903238,1,1
3169,2224801839,1,1
3170,2224902793,1,1
3171,2224900264,1,1
3172,2224900218,1,1
3173,2224801839,1,1
3174,2224901083,1,1
3175,2224901083,1,1
3176,2224901145,1,1
3177,2209801296,0,0
3178,2224901145,1,1
3179,2225103595,1,1
3180,2207701871,0,0
3181,2224901928,1,1
3182,2224815363,1,1
3183,2224902632,0,1
3184,2224901145,1,1
3185,2224815363,1,1
3186,2224910176,1,1
3187,2224904790,1,1
3188,2224902632,1,1
3189,2224905281,1,1
3190,2224909685,1,1
3191,2209801296,0,0
3192,2209800308,1,1
3193,2129203632,1,0
3194,2224905281,1,1
3195,2224904277,1,1
3196,2207602153,1,0
3197,2224905281,1,1
3198,2224901871,1,1
3199,2224903238,1,1
3200,2209801296,0,0
3201,2129203632,1,0
3202,2224815827,1,1
3203,2224900672,1,1
3204,2224903238,1,1
3205,2224901083,1,1
3206,2224801839,1,1
3207,2224902793,1,1
3208,2209800295,1,1
3209,2224903238,1,1
3210,2225101162,1,1
3211,2224900179,1,1
3212,2207602153,1,0
3213,2224900264,1,1
3214,2224902632,0,1
3215,2209800295,1,1
3216,2225103595,1,1
3217,2224815827,1,1
3218,2224900264,1,1
3219,2224901928,1,1
3220,2224900218,1,1
3221,2224903238,1,1
3222,2224909685,1,1
3223,2224801839,1,1
3224,2224901871,1,1
3225,2209800308,1,1
3226,2209801296,0,0
3227,2224902632,1,1
3228,2225101162,1,1
3229,2224900187,1,1
3230,2224909685,1,1
3231,2224904277,1,1
3232,2205001262,0,0
3233,2224909685,1,1
3234,2224900218,1,1
3235,2224816167,1,1
3236,2224902793,1,1
3237,2224815363,1,1
3238,2224816167,1,1
3239,2129203632,0,0
3240,2224905281,1,1
3241,2224901871,1,1
3242,2224900218,1,1
3243,2224902793,1,1
3244,2224902632,0,1
3245,2209800295,1,1
3246,2224910176,1,1
3247,2224909685,1,1
3248,2207001505,1,0
3249,2207001505,1,0
3250,2204000724,1,1
3251,2209800308,1,1
3252,2225103595,1,1
3253,2224904790,1,1
3254,2209800308,1,1
3255,2207701871,0,0
3256,2224900187,1,1
3257,2224900264,1,1
3258,2209800308,1,1
3259,2224905281,1,1
3260,2224901928,1,1
3261,2209800295,0,1
3262,2207602153,1,0
3263,2224901145,1,1
3264,2205001262,1,0
3265,2224801839,1,1
3266,2224801839,1,1
3267,2224901145,1,1
3268,2224910176,1,1
3269,2207602153,1,0
3270,2224903238,1,1
3271,2207001505,0,0
3272,2224900672,1,1
3273,2224901928,1,1
3274,2224904790,1,1
3275,2224910176,1,1
3276,2209801296,0,0
3277,2224900218,1,1
3278,2207001505,1,0
3279,2224816167,1,1
3280,2224901871,1,1
3281,2224904277,1,1
3282,2224904790,1,1
3283,2208108366,0,0
3284,2224816167,1,1
3285,2224815363,1,1
3286,2204000724,1,1
3287,2225103595,1,1
3288,2224900672,1,1
3289,2224910176,1,1
3290,2224815827,1,1
3291,2204000724,1,1
3292,2224900179,1,1
3293,2224902632,1,1
3294,2224816167,0,1
3295,2209800295,1,1
3296,2209800295,1,1
3297,2224900672,1,1
3298,2209801296,0,0
3299,2224815827,1,1
3300,2207701871,0,0
3301,2224901871,1,1
3302,2209801296,1,0
3303,2224900179,1,1
3304,2224815827,1,1
3305,2224910176,1,1
3306,2208108366,0,0
3307,2224909685,1,1
3308,2224910176,1,1
3309,2205001262,0,0
3310,2224815827,1,1
3311,2204603867,1,0
3312,2224910176,1,1
3313,2224816167,1,1
3314,2224905281,1,1
3315,2207001505,1,0
3316,2207602153,0,0
3317,2204000724,1,1
3318,2224815827,1,1
3319,2224900187,1,1
3320,2224901871,1,1
3321,2224905281,1,1
3322,2207602153,1,0
3323,2224902632,1,1
3324,2224902632,0,1
3325,2224902632,1,1
3326,2224902632,1,1
3327,2224900179,1,1
3328,2209800308,1,1
3329,2209800308,1,1
3330,2224909685,1,1
3331,2224909685,1,1
3332,2209800295,1,1
3333,2224901928,1,1
3334,2224900264,1,1
3335,2224902793,1,1
3336,2224902632,1,1
3337,2224900218,1,1
3338,2209719866,1,1
3339,2224904790,1,1
3340,2224900187,1,1
3341,2224901083,1,1
3342,2129203632,0,0
3343,2224900672,1,1
3344,2224816167,1,1
3345,2224900264,1,1
3346,2224900187,1,1
3347,2224900187,1,1
3348,2224816167,1,1
3349,2204000724,1,1
3350,2224901871,1,1
3351,2224900264,1,1
3352,2205001262,0,0
3353,2225101162,1,1
3354,2224801839,1,1
3355,2129203632,0,0
3356,2224900218,1,1
3357,2207602153,1,0
3358,2224903238,1,1
3359,2224815363,1,1
3360,2129203632,0,0
3361,2224900218,1,1
3362,2209719866,1,1
3363,2224904790,1,1
3364,2209800308,1,1
3365,2224816167,1,1
3366,2225103595,1,1
3367,2224901083,1,1
3368,2224909685,1,1
3369,2224900218,1,1
3370,2209801296,0,0
3371,2209801296,0,0
3372,2224900218,1,1
3373,2224815363,1,1
3374,2224901145,1,1
3375,2224816167,1,1
3376,2224902632,1,1
3377,2209800308,1,1
3378,2224900218,1,1
3379,2209800308,1,1
3380,2224816167,1,1
3381,2205001262,0,0
3382,2209800308,1,1
3383,2224909685,1,1
3384,2207701871,0,0
3385,2224910176,1,1
3386,2224901145,1,1
3387,2224815827,1,1
3388,2224901928,1,1
3389,2224910176,1,1
3390,2224905281,1,1
3391,2224900264,1,1
3392,2224901871,1,1
3393,2209800308,1,1
3394,2224900264,1,1
3395,2129203632,0,0
3396,2224901083,1,1
3397,2224902632,0,1
3398,2224900672,1,1
3399,2224901871,1,1
3400,2204000724,0,1
3401,2224910176,1,1
3402,2204000724,1,1
3403,2224909685,1,1
3404,2209800308,1,1
3405,2209800295,1,1
3406,2224900672,1,1
3407,2129203632,1,0
3408,2224801839,1,1
3409,2224904790,1,1
3410,2224901083,1,1
3411,2224816167,1,1
3412,2224901928,1,1
3413,2204603867,0,0
3414,2224901083,1,1
3415,2224816167,1,1
3416,2209800295,1,1
3417,2224815827,1,1
3418,2129203632,1,0
3419,2224816167,1,1
3420,2224815827,1,1
3421,2224900218,1,1
3422,2224904790,1,1
3423,2224900187,1,1
3424,2224900218,1,1
3425,2224900179,1,1
3426,2224905281,1,1
3427,2129203632,1,0
3428,2209800295,1,1
3429,2224900179,1,1
3430,2224905281,1,1
3431,2224909685,1,1
3432,2209800295,1,1
3433,2207602153,0,0
3434,2224905281,1,1
3435,2224801839,1,1
3436,2224900264,1,1
3437,2224903238,1,1
3438,2209800308,1,1
3439,2224903238,1,1
3440,2224801839,1,1
3441,2207001505,0,0
3442,2224903238,1,1
3443,2224901083,1,1
3444,2129203632,0,0
3445,2209800295,1,1
3446,2225103595,1,1
3447,2224902632,0,1
3448,2129203632,1,0
3449,2225101162,1,1
3450,2224900187,1,1
3451,2224901083,1,1
3452,2224910176,1,1
3453,2204000724,1,1
3454,2225101162,1,1
3455,2224901871,1,1
3456,2224801839,1,1
3457,2209801296,0,0
3458,2224900264,1,1
3459,2224901871,1,1
3460,2209800308,1,1
3461,2224902632,1,1
3462,2224901083,1,1
3463,2224904277,1,1
3464,2224904277,1,1
3465,2224901145,1,1
3466,2224816167,1,1
3467,2207602153,1,0
3468,2224901083,1,1
3469,2224900264,1,1
3470,2224900264,1,1
3471,2207602153,0,0
3472,2209801296,0,0
3473,2208108366,0,0
3474,2224900187,1,1
3475,2224815827,0,1
3476,2208108366,0,0
3477,2224905281,1,1
3478,2224901871,1,1
3479,2224816167,1,1
3480,2209801296,1,0
3481,2224904277,1,1
3482,2224901083,1,1
3483,2224901083,1,1
3484,2224900264,1,1
3485,2224901145,1,1
3486,2224905281,1,1
3487,2224901145,1,1
3488,2129203632,0,0
3489,2204000724,1,1
3490,2224816167,1,1
3491,2225101162,1,1
3492,2224816167,1,1
3493,2224910176,1,1
3494,2224902632,1,1
3495,2209800308,1,1
3496,2224816167,0,1
3497,2224901928,1,1
3498,2224816167,1,1
3499,2207701871,0,0
3500,2224900218,1,1
3501,2224900264,1,1
3502,2224815827,1,1
3503,2224903238,1,1
3504,2224901928,1,1
3505,2224902632,1,1
3506,2224910176,1,1
3507,2207701871,0,0
3508,2224816167,1,1
3509,2224904790,1,1
3510,2207701871,0,0
3511,2224902632,1,1
3512,2225101162,1,1
3513,2224909685,1,1
3514,2224904790,1,1
3515,2224900187,1,1
3516,2209800308,1,1
3517,2204603867,0,0
3518,2224909685,1,1
3519,2224801839,1,1
3520,2224901928,1,1
3521,2224900672,1,1
3522,2224900218,1,1
3523,2224904790,1,1
3524,2224815363,1,1
3525,2224900187,1,1
3526,2209800295,1,1
3527,2224902632,1,1
3528,2224816167,1,1
3529,2224900264,1,1
3530,2224900179,1,1
3531,2224904277,1,1
3532,2207001505,0,0
3533,2224901928,1,1
3534,2224801839,1,1
3535,2224901145,1,1
3536,2224900187,1,1
3537,2224902793,1,1
3538,2224900187,1,1
3539,2209800295,1,1
3540,2209800295,1,1
3541,2204000724,1,1
3542,2224900179,1,1
3543,2207701871,0,0
3544,2224900179,1,1
3545,2224901871,1,1
3546,2224900264,0,1
3547,2224901145,1,1
3548,2224901145,1,1
3549,2224815363,1,1
3550,2224902793,1,1
3551,2209800295,1,1
3552,2224815827,1,1
3553,2224901871,1,1
3554,2209800295,1,1
3555,2224901928,1,1
3556,2224815363,1,1
3557,2224901145,1,1
3558,2224900179,1,1
3559,2224904277,1,1
3560,2209801296,0,0
3561,2207701871,0,0
3562,2225103595,1,1
3563,2224900187,1,1
3564,2204000724,1,1
3565,2224902793,1,1
3566,2224900672,1,1
3567,2224905281,1,1
3568,2224900264,1,1
3569,2224909685,1,1
3570,2224903238,1,1
3571,2204000724,1,1
3572,2129203632,0,0
3573,2208108366,0,0
3574,2204000724,0,1
3575,2225103595,1,1
3576,2209800295,1,1
3577,2224801839,1,1
3578,2224801839,1,1
3579,2224910176,1,1
3580,2224815827,1,1
3581,2209800295,1,1
3582,2224900218,1,1
3583,2224901145,1,1
3584,2224903238,0,1
3585,2224905281,1,1
3586,2224902793,1,1
3587,2207001505,0,0
3588,2224900187,1,1
3589,2224901145,1,1
3590,2224901145,1,1
3591,2225103595,1,1
3592,2224900218,1,1
3593,2224900264,1,1
3594,2208108366,0,0
3595,2224815363,1,1
3596,2224901871,1,1
3597,2224901871,1,1
3598,2224909685,1,1
3599,2224900264,1,1
3600,2224815363,1,1
3601,2224815827,1,1
3602,2224901145,1,1
3603,2209800308,1,1
3604,2224900672,1,1
3605,2224815827,1,1
3606,2224902632,1,1
3607,2224815363,1,1
3608,2209800295,1,1
3609,2224900179,1,1
3610,2224816167,1,1
3611,2224902632,1,1
3612,2129203632,0,0
3613,2224904790,1,1
3614,2224816167,1,1
3615,2224901083,1,1
3616,2224815363,1,1
3617,2224905281,1,1
3618,2225103595,1,1
3619,2224900179,1,1
3620,2224901083,1,1
3621,2224902793,1,1
3622,2224901928,1,1
3623,2209719866,1,1
3624,2224900218,1,1
3625,2207001505,1,0
3626,2224905281,1,1
3627,2224815363,1,1
3628,2224815363,1,1
3629,2224900264,1,1
3630,2225101162,1,1
3631,2209801296,0,0
3632,2208108366,0,0
3633,2224901083,1,1
3634,2224902793,1,1
3635,2207701871,0,0
3636,2224900218,1,1
3637,2224801839,1,1
3638,2224901871,1,1
3639,2207602153,0,0
3640,2204000724,1,1
3641,2224901083,1,1
3642,2224900179,1,1
3643,2205001262,0,0
3644,2204603867,0,0
3645,2224801839,1,1
3646,2224901871,1,1
3647,2207602153,1,0
3648,2224901145,1,1
3649,2224815363,1,1
3650,2225103595,1,1
3651,2209801296,0,0
3652,2209800308,1,1
3653,2224815363,1,1
3654,2225101162,1,1
3655,2224905281,1,1
3656,2129203632,0,0
3657,2208108366,0,0
3658,2204603867,0,0
3659,2129203632,1,0
3660,2208108366,0,0
3661,2207602153,1,0
3662,2224902793,1,1
3663,2129203632,1,0
3664,2224902793,1,1
3665,2224909685,1,1
3666,2224903238,1,1
3667,2224905281,1,1
3668,2208108366,0,0
3669,2224910176,1,1
3670,2224801839,1,1
3671,2224900187,1,1
3672,2224900187,1,1
3673,2224816167,1,1
3674,2207701871,0,0
3675,2224900218,1,1
3676,2209801296,0,0
3677,2224900218,1,1
3678,2224900179,1,1
3679,2209800295,1,1
3680,2209800295,1,1
3681,2224901145,1,1
3682,2209800308,1,1
3683,2224815363,1,1
3684,2209801296,0,0
3685,2207701871,0,0
3686,2224910176,1,1
3687,2209800295,1,1
3688,2224816167,1,1
3689,2224910176,1,1
3690,2205001262,0,0
3691,2224902793,1,1
3692,2129203632,1,0
3693,2224900672,1,1
3694,2209800295,1,1
3695,2207602153,0,0
3696,2209800308,1,1
3697,2209719866,1,1
3698,2207602153,1,0
3699,2207001505,1,0
3700,2209801296,1,0
3701,2207602153,1,0
3702,2224900179,1,1
3703,2224905281,1,1
3704,2209800295,1,1
3705,2225101162,1,1
3706,2224905281,1,1
3707,2224909685,1,1
3708,2208108366,0,0
3709,2209801296,0,0
3710,2208108366,0,0
3711,2224902793,1,1
3712,2209801296,0,0
3713,2224905281,1,1
3714,2224900187,1,1
3715,2224900264,1,1
3716,2204603867,0,0
3717,2224904277,1,1
3718,2224816167,1,1
3719,2224902632,0,1
3720,2224901145,1,1
3721,2224900264,0,1
3722,2224902793,1,1
3723,2209719866,1,1
3724,2224900218,1,1
3725,2224902793,1,1
3726,2224815363,1,1
3727,2209800295,1,1
3728,2224900264,1,1
3729,2129203632,1,0
3730,2224816167,1,1
3731,2224901145,1,1
3732,2224901871,1,1
3733,2224901928,1,1
3734,2129203632,1,0
3735,2209800295,1,1
3736,2224815827,1,1
3737,2209800295,1,1
3738,2224904277,1,1
3739,2224909685,1,1
3740,2209801296,0,0
3741,2204000724,1,1
3742,2224910176,1,1
3743,2224905281,1,1
3744,2224900672,1,1
3745,2225101162,1,1
3746,2224910176,1,1
3747,2209801296,0,0
3748,2224905281,1,1
3749,2224902793,1,1
3750,2209800308,1,1
3751,2224900218,1,1
3752,2224900264,1,1
3753,2224909685,1,1
3754,2225103595,1,1
3755,2204000724,1,1
3756,2204000724,1,1
3757,2224901145,1,1
3758,2207602153,1,0
3759,2209800308,1,1
3760,2224901871,1,1
3761,2224815827,1,1
3762,2224816167,1,1
3763,2209801296,1,0
3764,2224900218,1,1
3765,2224901928,1,1
3766,2129203632,1,0
3767,2224815363,1,1
3768,2209800308,1,1
3769,2209719866,1,1
3770,2224900264,1,1
3771,2207701871,0,0
3772,2224900672,1,1
3773,2204000724,1,1
3774,2209800295,1,1
3775,2224901083,1,1
3776,2224900187,1,1
3777,2224910176,1,1
3778,2224901145,1,1
3779,2209719866,1,1
3780,2224801839,1,1
3781,2224901145,1,1
3782,2224901928,1,1
3783,2208108366,0,0
3784,2224900264,1,1
3785,2224816167,1,1
3786,2209801296,0,0
3787,2224816167,1,1
3788,2224901145,1,1
3789,2204000724,1,1
3790,2207602153,0,0
3791,2204000724,1,1
3792,2224901083,1,1
3793,2224900179,1,1
3794,2224910176,1,1
3795,2224901871,1,1
3796,2224905281,1,1
3797,2224900179,1,1
3798,2224900179,1,1
3799,2224900179,1,1
3800,2208108366,0,0
3801,2224816167,1,1
3802,2224901145,1,1
3803,2209801296,0,0
3804,2209801296,1,0
3805,2207001505,1,0
3806,2224901145,1,1
3807,2224902793,1,1
3808,2224910176,1,1
3809,2224801839,1,1
3810,2208108366,0,0
3811,2224905281,1,1
3812,2204603867,0,0
3813,2209800308,1,1
3814,2204603867,0,0
3815,2224903238,1,1
3816,2224901871,1,1
3817,2209800295,1,1
3818,2209801296,0,0
3819,2224903238,1,1
3820,2224900218,1,1
3821,2224815827,1,1
3822,2207602153,1,0
3823,2224901083,1,1
3824,2208108366,0,0
3825,2224901871,1,1
3826,2224900218,1,1
3827,2207602153,0,0
3828,2224815827,1,1
3829,2224815827,1,1
3830,2204603867,0,0
3831,2224816167,1,1
3832,2225103595,1,1
3833,2224901083,1,1
3834,2224901145,1,1
3835,2224901145,1,1
3836,2224900179,1,1
3837,2224900264,1,1
3838,2224901145,1,1
3839,2224903238,1,1
3840,2224904790,1,1
3841,2224815363,1,1
3842,2224902632,1,1
3843,2209801296,0,0
3844,2225103595,1,1
3845,2224815827,1,1
3846,2207602153,0,0
3847,2129203632,0,0
3848,2209800308,1,1
3849,2207602153,1,0
3850,2224815827,1,1
3851,2224900264,1,1
3852,2224900218,1,1
3853,2224905281,1,1
3854,2207602153,0,0
3855,2224901871,1,1
3856,2224900187,1,1
3857,2224903238,1,1
3858,2224816167,1,1
3859,2224816167,1,1
3860,2224901928,1,1
3861,2224901145,1,1
3862,2225103595,1,1
3863,2224905281,1,1
3864,2208108366,0,0
3865,2224901145,1,1
3866,2209800308,1,1
3867,2224900218,1,1
3868,2205001262,0,0
3869,2209800308,1,1
3870,2224900187,1,1
3871,2209801296,0,0
3872,2224801839,1,1
3873,2224905281,1,1
3874,2224903238,1,1
3875,2209800295,1,1
3876,2207701871,0,0
3877,2224901871,1,1
3878,2224901145,1,1
3879,2224901871,1,1
3880,2224900187,1,1
3881,2224901083,1,1
3882,2209800308,1,1
3883,2204000724,1,1
3884,2224901145,1,1
3885,2224900264,1,1
3886,2224801839,1,1
3887,2224902793,1,1
3888,2224909685,1,1
3889,2209801296,1,0
3890,2224801839,1,1
3891,2224900264,1,1
3892,2224900218,1,1
3893,2224904277,1,1
3894,2209800295,0,1
3895,2207701871,0,0
3896,2129203632,1,0
3897,2224900187,1,1
3898,2209719866,1,1
3899,2224901928,1,1
3900,2209801296,0,0
3901,2207602153,1,0
3902,2224905281,1,1
3903,2224901145,1,1
3904,2207001505,0,0
3905,2224905281,1,1
3906,2224816167,1,1
3907,2208108366,0,0
3908,2224815363,1,1
3909,2209800308,1,1
3910,2224900218,1,1
3911,2224904790,1,1
3912,2209719866,1,1
3913,2205001262,0,0
3914,2209801296,0,0
3915,2224910176,1,1
3916,2224902632,1,1
3917,2208108366,0,0
3918,2209801296,0,0
3919,2207701871,0,0
3920,2224901928,1,1
3921,2224904790,1,1
3922,2209800308,1,1
3923,2208108366,0,0
3924,2224801839,1,1
3925,2207701871,0,0
3926,2207001505,1,0
3927,2224901928,1,1
3928,2224903238,1,1
3929,2224901145,1,1
3930,2224815827,1,1
3931,2224901145,1,1
3932,2209800308,1,1
3933,2224816167,1,1
3934,2224902632,1,1
3935,2224909685,1,1
3936,2208108366,0,0
3937,2209800308,1,1
3938,2224900218,1,1
3939,2224900264,1,1
3940,2224901083,1,1
3941,2224816167,1,1
3942,2129203632,0,0
3943,2207001505,1,0
3944,2224901145,1,1
3945,2224900218,1,1
3946,2224815363,1,1
3947,2209800295,1,1
3948,2224901083,1,1
3949,2224910176,1,1
3950,2209800308,1,1
3951,2224900218,1,1
3952,2224901928,1,1
3953,2224900218,1,1
3954,2208108366,0,0
3955,2209800295,1,1
3956,2224816167,1,1
3957,2224900672,1,1
3958,2224901083,1,1
3959,2209800295,1,1
3960,2209801296,0,0
3961,2224901928,1,1
3962,2207001505,0,0
3963,2224901083,1,1
3964,2224815363,1,1
3965,2224801839,1,1
3966,2224900187,1,1
3967,2224900218,1,1
3968,2208108366,0,0
3969,2224900672,1,1
3970,2224900264,1,1
3971,2224815363,1,1
3972,2224904790,1,1
3973,2225103595,1,1
3974,2207701871,0,0
3975,2209800295,1,1
3976,2224902793,1,1
3977,2224900218,1,1
3978,2225101162,1,1
3979,2209800295,1,1
3980,2208108366,0,0
3981,2224910176,1,1
3982,2224902632,1,1
3983,2224901928,1,1
3984,2207701871,0,0
3985,2224815827,1,1
3986,2224910176,1,1
3987,2224902793,1,1
3988,2224909685,1,1
3989,2224816167,1,1
3990,2225103595,1,1
3991,2224816167,1,1
3992,2209719866,1,1
3993,2208108366,0,0
3994,2208108366,0,0
3995,2209719866,1,1
3996,2209801296,0,0
3997,2209801296,1,0
3998,2224900179,1,1
3999,2225103595,1,1
4000,2209800295,1,1
4001,2207602153,0,0
4002,2225103595,1,1
4003,2209800308,1,1
4004,2204603867,1,0
4005,2224901928,1,1
4006,2224815827,1,1
4007,2209800308,1,1
4008,2207701871,0,0
4009,2224801839,1,1
4010,2224900187,1,1
4011,2224815363,1,1
4012,2204000724,1,1
4013,2224900672,1,1
4014,2204000724,1,1
4015,2224901928,1,1
4016,2224801839,1,1
4017,2224905281,1,1
4018,2208108366,0,0
4019,2204000724,1,1
4020,2224903238,1,1
4021,2224902632,0,1
4022,2224905281,1,1
4023,2224902632,1,1
4024,2224900218,1,1
4025,2224901083,1,1
4026,2225101162,1,1
4027,2224909685,1,1
4028,2209801296,0,0
4029,2224902793,1,1
4030,2224815363,1,1
4031,2225103595,1,1
4032,2224801839,1,1
4033,2209800295,0,1
4034,2209801296,0,0
4035,2224902793,1,1
4036,2224901145,1,1
4037,2209800308,1,1
4038,2208108366,0,0
4039,2224902632,1,1
4040,2224901083,1,1
4041,2224900264,1,1
4042,2224904277,1,1
4043,2224901145,1,1
4044,2224901083,1,1
4045,2224900179,1,1
4046,2224910176,1,1
4047,2224900187,1,1
4048,2209800308,1,1
4049,2224909685,1,1
4050,2207001505,1,0
4051,2224901145,1,1
4052,2209801296,0,0
4053,2209800295,1,1
4054,2208108366,0,0
4055,2209801296,0,0
4056,2225103595,1,1
4057,2209800295,1,1
4058,2224903238,1,1
4059,2208108366,0,0
4060,2209719866,0,1
4061,2224902632,1,1
4062,2224901145,1,1
4063,2209800308,1,1
4064,2207602153,1,0
4065,2224816167,1,1
4066,2224903238,1,1
4067,2224900218,1,1
4068,2208108366,0,0
4069,2224904790,1,1
4070,2225101162,1,1
4071,2224901145,1,1
4072,2209800308,1,1
4073,2224902793,1,1
4074,2209800295,1,1
4075,2224900179,1,1
4076,2207001505,1,0
4077,2224904790,1,1
4078,2224900218,1,1
4079,2224905281,1,1
4080,2224815363,1,1
4081,2224902632,1,1
4082,2209800295,1,1
4083,2224801839,1,1
4084,2207001505,1,0
4085,2224903238,1,1
4086,2224900218,1,1
4087,2224901871,1,1
4088,2209719866,1,1
4089,2224905281,1,1
4090,2224900179,1,1
4091,2207001505,1,0
4092,2225103595,1,1
4093,2224909685,1,1
4094,2209800308,1,1
4095,2208108366,0,0
4096,2224905281,1,1
4097,2224901871,1,1
4098,2224900187,1,1
4099,2224902793,1,1
4100,2224909685,1,1
4101,2224901871,1,1
4102,2224902793,1,1
4103,2225101162,1,1
4104,2205001262,0,0
4105,2204000724,1,1
4106,2204000724,1,1
4107,2224900218,1,1
4108,2224901083,1,1
4109,2224905281,1,1
4110,2207602153,1,0
4111,2224900672,1,1
4112,2224910176,1,1
4113,2224815363,1,1
4114,2209801296,0,0
4115,2224900672,1,1
4116,2207701871,0,0
4117,2225101162,1,1
4118,2224801839,1,1
4119,2224815827,1,1
4120,2209800308,1,1
4121,2224901145,1,1
4122,2224901928,1,1
4123,2224900264,1,1
4124,2224816167,1,1
4125,2224909685,1,1
4126,2224801839,1,1
4127,2224801839,1,1
4128,2207701871,0,0
4129,2224905281,1,1
4130,2224801839,1,1
4131,2209719866,1,1
4132,2207001505,1,0
4133,2224902632,0,1
4134,2224903238,1,1
4135,2209800308,1,1
4136,2224902793,1,1
4137,2224900264,1,1
4138,2209800295,1,1
4139,2224901083,1,1
4140,2224903238,1,1
4141,2224900187,1,1
4142,2224900187,1,1
4143,2224815827,1,1
4144,2224815827,1,1
4145,2207001505,0,0
4146,2224900218,1,1
4147,2224900187,1,1
4148,2224815363,1,1
4149,2224905281,1,1
4150,2224909685,1,1
4151,2224900264,1,1
4152,2224900218,1,1
4153,2224901871,1,1
4154,2224905281,1,1
4155,2224900264,1,1
4156,2224905281,1,1
4157,2225103595,1,1
4158,2224816167,1,1
4159,2224903238,1,1
4160,2209719866,0,1
4161,2207701871,0,0
4162,2224901083,1,1
4163,2224816167,1,1
4164,2224901928,1,1
4165,2224901145,1,1
4166,2224900179,1,1
4167,2224901145,1,1
4168,2224904790,1,1
4169,2209800295,1,1
4170,2224909685,1,1
4171,2224905281,1,1
4172,2224901083,1,1
4173,2225101162,1,1
4174,2224900672,1,1
4175,2208108366,0,0
4176,2225103595,1,1
4177,2209800295,1,1
4178,2224903238,1,1
4179,2209719866,1,1
4180,2207602153,0,0
4181,2207001505,1,0
4182,2224901871,1,1
4183,2224901871,1,1
4184,2207701871,0,0
4185,2224901871,1,1
4186,2224901871,1,1
4187,2224900179,1,1
4188,2224900218,1,1
4189,2209719866,1,1
4190,2207701871,0,0
4191,2224901145,1,1
4192,2224815363,1,1
4193,2224900264,1,1
4194,2224900672,1,1
4195,2209800308,1,1
4196,2207001505,0,0
4197,2224900218,1,1
4198,2224902632,0,1
4199,2224902632,1,1
4200,2207602153,0,0
4201,2209800308,1,1
4202,2224901145,1,1
4203,2207602153,0,0
4204,2209800295,1,1
4205,2224900179,1,1
4206,2224816167,1,1
4207,2224900187,1,1
4208,2224901871,1,1
4209,2224901928,1,1
4210,2207001505,0,0
4211,2207701871,0,0
4212,2208108366,0,0
4213,2129203632,0,0
4214,2224910176,1,1
4215,2224905281,1,1
4216,2224901083,1,1
4217,2224905281,1,1
4218,2225103595,1,1
4219,2224910176,1,1
4220,2224904277,1,1
4221,2224900187,1,1
4222,2224905281,1,1
4223,2224902632,1,1
4224,2207001505,1,0
4225,2225103595,1,1
4226,2224901871,1,1
4227,2209801296,0,0
4228,2225103595,1,1
4229,2224900187,1,1
4230,2224903238,1,1
4231,2224901145,1,1
4232,2224900264,1,1
4233,2224901145,1,1
4234,2224801839,1,1
4235,2209800308,1,1
4236,2129203632,0,0
4237,2224901928,1,1
4238,2224904790,1,1
4239,2224816167,1,1
4240,2224909685,1,1
4241,2224816167,1,1
4242,2224910176,1,1
4243,2224901928,1,1
4244,2224816167,1,1
4245,2224816167,1,1
4246,2224816167,1,1
4247,2224905281,1,1
4248,2209801296,1,0
4249,2224900218,1,1
4250,2224910176,1,1
4251,2225103595,1,1
4252,2205001262,0,0
4253,2207001505,0,0
4254,2224816167,1,1
4255,2224815827,1,1
4256,2224900672,1,1
4257,2224902632,1,1
4258,2204603867,1,0
4259,2209800308,1,1
4260,2224900264,1,1
4261,2204000724,1,1
4262,2224904277,1,1
4263,2224815827,1,1
4264,2207001505,1,0
4265,2208108366,0,0
4266,2224900179,1,1
4267,2224815827,1,1
4268,2205001262,1,0
4269,2208108366,0,0
4270,2207602153,0,0
4271,2224900672,1,1
4272,2204000724,1,1
4273,2208108366,0,0
4274,2224910176,0,1
4275,2224900179,1,1
4276,2224910176,1,1
4277,2224801839,1,1
4278,2224815827,1,1
4279,2129203632,0,0
4280,2209719866,1,1
4281,2224900179,1,1
4282,2204000724,1,1
4283,2224816167,1,1
4284,2224900187,1,1
4285,2224901145,1,1
4286,2207602153,0,0
4287,2224815827,1,1
4288,2209800308,1,1
4289,2209801296,0,0
4290,2224904277,1,1
4291,2209800308,1,1
4292,2224801839,1,1
4293,2224901928,1,1
4294,2224909685,1,1
4295,2224900264,1,1
4296,2224902793,1,1
4297,2207701871,0,0
4298,2224901145,1,1
4299,2209801296,0,0
4300,2224900218,1,1
4301,2224902632,1,1
4302,2207602153,0,0
4303,2224815363,1,1
4304,2224910176,1,1
4305,2224901145,0,1
4306,2207001505,0,0
4307,2224900264,1,1
4308,2224816167,1,1
4309,2129203632,0,0
4310,2224902793,1,1
4311,2224905281,1,1
4312,2205001262,0,0
4313,2224900187,1,1
4314,2224901083,1,1
4315,2224901083,1,1
4316,2204000724,1,1
4317,2208108366,0,0
4318,2209800295,1,1
4319,2224816167,1,1
4320,2224905281,1,1
4321,2224904790,1,1
4322,2224905281,1,1
4323,2224900218,1,1
4324,2224900187,1,1
4325,2224901928,1,1
4326,2224902632,1,1
4327,2225103595,1,1
4328,2224901871,1,1
4329,2224901871,1,1
4330,2129203632,1,0
4331,2224901083,1,1
4332,2224815827,1,1
4333,2224901083,1,1
4334,2224902793,1,1
4335,2224901871,1,1
4336,2207001505,1,0
4337,2224901928,1,1
4338,2224900264,1,1
4339,2224816167,1,1
4340,2207001505,0,0
4341,2224902632,1,1
4342,2207001505,1,0
4343,2224901871,1,1
4344,2209800295,1,1
4345,2224903238,1,1
4346,2204603867,1,0
4347,2209800295,1,1
4348,2224815827,1,1
4349,2204000724,1,1
4350,2224910176,1,1
4351,2224900218,1,1
4352,2224900187,1,1
4353,2207602153,0,0
4354,2224901145,1,1
4355,2224902793,1,1
4356,2224901871,1,1
4357,2224900187,1,1
4358,2224815363,1,1
4359,2224904790,1,1
4360,2208108366,0,0
4361,2224901871,1,1
4362,2224905281,1,1
4363,2207001505,0,0
4364,2224901145,1,1
4365,2209800308,1,1
4366,2224901145,1,1
4367,2224901871,1,1
4368,2224909685,1,1
4369,2224900187,1,1
4370,2224901145,1,1
4371,2224816167,1,1
4372,2224900264,1,1
4373,2224910176,1,1
4374,2224900218,1,1
4375,2224910176,1,1
4376,2207001505,1,0
4377,2224902632,0,1
4378,2204603867,1,0
4379,2225103595,1,1
4380,2224900187,1,1
4381,2224902632,0,1
4382,2224815827,1,1
4383,2224910176,1,1
4384,2207001505,1,0
4385,2204000724,1,1
4386,2224901928,1,1
4387,2224900187,1,1
4388,2224904790,1,1
4389,2204603867,0,0
4390,2224900218,1,1
4391,2224815363,1,1
4392,2224901871,1,1
4393,2224910176,1,1
4394,2207701871,0,0
4395,2204000724,1,1
4396,2207701871,0,0
4397,2224900264,1,1
4398,2224816167,0,1
4399,2224904277,1,1
4400,2224816167,1,1
4401,2208108366,0,0
4402,2207602153,1,0
4403,2225103595,1,1
4404,2204000724,1,1
4405,2224815827,1,1
4406,2224900672,1,1
4407,2224905281,1,1
4408,2129203632,1,0
4409,2224900264,1,1
4410,2224900218,1,1
4411,2225103595,1,1
4412,2224905281,1,1
4413,2224902793,1,1
4414,2224909685,1,1
4415,2224901871,1,1
4416,2205001262,0,0
4417,2224902632,1,1
4418,2224900179,1,1
4419,2224900264,0,1
4420,2224904277,1,1
4421,2224815363,1,1
4422,2224901871,1,1
4423,2224815363,1,1
4424,2205001262,0,0
4425,2224901871,1,1
4426,2224905281,1,1
4427,2224902632,1,1
4428,2224902632,1,1
4429,2224902793,1,1
4430,2208108366,0,0
4431,2209719866,1,1
4432,2209801296,0,0
4433,2224909685,1,1
4434,2209800295,1,1
4435,2224901083,1,1
4436,2224900264,1,1
4437,2224904790,1,1
4438,2224901928,1,1
4439,2224900179,1,1
4440,2225103595,1,1
4441,2224910176,1,1
4442,2224816167,1,1
4443,2224901083,1,1
4444,2208108366,0,0
4445,2224903238,1,1
4446,2224801839,1,1
4447,2225103595,1,1
4448,2224904790,1,1
4449,2224909685,1,1
4450,2207001505,0,0
4451,2224900187,1,1
4452,2208108366,0,0
4453,2208108366,0,0
4454,2224900672,1,1
4455,2224901083,1,1
4456,2224900179,1,1
4457,2208108366,0,0
4458,2209800295,1,1
4459,2204603867,0,0
4460,2224902632,1,1
4461,2209800308,1,1
4462,2224900218,1,1
4463,2224910176,1,1
4464,2207602153,0,0
4465,2224815363,1,1
4466,2224901928,1,1
4467,2224901871,1,1
4468,2224910176,1,1
4469,2225103595,1,1
4470,2209800308,1,1
4471,2209801296,0,0
4472,2224900264,1,1
4473,2224903238,1,1
4474,2129203632,0,0
4475,2224900264,1,1
4476,2224816167,1,1
4477,2224900187,1,1
4478,2224903238,1,1
4479,2224900187,1,1
4480,2224904790,1,1
4481,2224901928,1,1
4482,2224902793,1,1
4483,2224901083,1,1
4484,2209801296,1,0
4485,2224901871,1,1
4486,2224903238,1,1
4487,2204000724,1,1
4488,2209800295,1,1
4489,2209801296,0,0
4490,2224900264,1,1
4491,2209800295,0,1
4492,2224900264,1,1
4493,2224910176,1,1
4494,2224905281,1,1
4495,2224901871,1,1
4496,2204000724,1,1
4497,2224901871,1,1
4498,2224901083,1,1
4499,2224900218,1,1
4500,2224905281,1,1
4501,2207001505,1,0
4502,2224904277,1,1
4503,2224901145,1,1
4504,2224815827,1,1
4505,2224904277,1,1
4506,2224900187,1,1
4507,2208108366,0,0
4508,2224903238,1,1
4509,2209719866,1,1
4510,2209801296,0,0
4511,2224902793,1,1
4512,2224905281,1,1
4513,2224900672,1,1
4514,2224816167,1,1
4515,2224904277,1,1
4516,2224909685,1,1
4517,2224815827,1,1
4518,2224900264,1,1
4519,2224901145,1,1
4520,2224815363,1,1
4521,2208108366,0,0
4522,2224909685,1,1
4523,2224900187,1,1
4524,2207701871,0,0
4525,2224902793,1,1
4526,2224905281,1,1
4527,2224816167,1,1
4528,2224900218,1,1
4529,2224901145,1,1
4530,2224901145,1,1
4531,2207701871,0,0
4532,2224910176,0,1
4533,2224900264,1,1
4534,2224816167,1,1
4535,2224901928,1,1
4536,2224901928,1,1
4537,2224904277,1,1
4538,2224901083,1,1
4539,2207701871,0,0
4540,2224905281,1,1
4541,2207701871,0,0
4542,2224900218,1,1
4543,2224909685,1,1
4544,2207001505,0,0
4545,2224910176,1,1
4546,2224815363,1,1
4547,2207701871,0,0
4548,2224801839,1,1
4549,2209800308,1,1
4550,2224902632,1,1
4551,2224815827,1,1
4552,2224901083,1,1
4553,2224900218,1,1
4554,2209800308,1,1
4555,2209800295,1,1
4556,2224901083,1,1
4557,2224815363,1,1
4558,2224900179,1,1
4559,2207701871,0,0
4560,2224901871,1,1
4561,2224901083,1,1
4562,2129203632,0,0
4563,2224815827,1,1
4564,2224816167,1,1
4565,2209800295,1,1
4566,2224910176,1,1
4567,2225101162,1,1
4568,2224900179,1,1
4569,2209719866,1,1
4570,2208108366,0,0
4571,2224901928,1,1
4572,2209800308,1,1
4573,2224900179,1,1
4574,2224904790,1,1
4575,2224910176,1,1
4576,2224900218,1,1
4577,2209801296,0,0
4578,2209800295,1,1
4579,2207701871,0,0
4580,2224900187,1,1
4581,2224901083,1,1
4582,2224816167,1,1
4583,2224901145,1,1
4584,2224816167,1,1
4585,2224910176,1,1
4586,2224901083,1,1
4587,2224901928,1,1
4588,2209800295,1,1
4589,2224900179,1,1
4590,2224905281,1,1
4591,2224815827,1,1
4592,2209800295,1,1
4593,2224901928,1,1
4594,2224901871,1,1
4595,2224815827,1,1
4596,2207001505,0,0
4597,2224900672,1,1
4598,2207602153,0,0
4599,2209801296,0,0
4600,2224904277,1,1
4601,2208108366,0,0
4602,2224909685,1,1
4603,2224815363,1,1
4604,2224902632,1,1
4605,2224904790,1,1
4606,2224901083,1,1
4607,2224904277,1,1
4608,2209800295,1,1
4609,2224815363,1,1
4610,2224900264,1,1
4611,2129203632,0,0
4612,2204000724,1,1
4613,2224900218,1,1
4614,2224901871,1,1
4615,2209800308,1,1
4616,2224909685,1,1
4617,2224904790,1,1
4618,2224901928,1,1
4619,2225101162,1,1
4620,2224903238,1,1
4621,2207701871,0,0
4622,2224910176,1,1
4623,2225101162,1,1
4624,2209801296,0,0
4625,2224909685,1,1
4626,2207001505,1,0
4627,2224900264,1,1
4628,2224909685,1,1
4629,2224905281,1,1
4630,2224815363,1,1
4631,2209801296,0,0
4632,2225101162,1,1
4633,2207001505,0,0
4634,2224902632,1,1
4635,2224900264,1,1
4636,2224901083,1,1
4637,2224900218,1,1
4638,2224900218,1,1
4639,2224901083,1,1
4640,2224910176,1,1
4641,2207701871,0,0
4642,2224815363,1,1
4643,2224815827,1,1
4644,2207602153,1,0
4645,2224815827,1,1
4646,2225103595,1,1
4647,2204000724,1,1
4648,2224904277,1,1
4649,2209801296,0,0
4650,2224901145,1,1
4651,2224900179,1,1
4652,2207602153,0,0
4653,2225103595,1,1
4654,2207602153,1,0
4655,2224816167,1,1
4656,2224909685,1,1
4657,2224904790,1,1
4658,2224801839,1,1
4659,2224903238,1,1
4660,2224910176,1,1
4661,2224900218,1,1
4662,2224901928,1,1
4663,2224901083,1,1
4664,2224905281,1,1
4665,2209800295,1,1
4666,2224815827,1,1
4667,2224900187,1,1
4668,2224910176,1,1
4669,2224900187,1,1
4670,2209800295,1,1
4671,2224904277,1,1
4672,2224900187,1,1
4673,2224900672,1,1
4674,2224903238,1,1
4675,2207701871,0,0
4676,2224801839,1,1
4677,2224909685,1,1
4678,2224901145,1,1
4679,2224900179,1,1
4680,2224905281,1,1
4681,2224815827,1,1
4682,2207001505,1,0
4683,2224902632,1,1
4684,2209800295,1,1
4685,2209801296,0,0
4686,2225103595,1,1
4687,2224902632,1,1
4688,2204000724,1,1
4689,2129203632,1,0
4690,2224903238,1,1
4691,2224910176,1,1
4692,2209800308,1,1
4693,2224904790,1,1
4694,2224815827,1,1
4695,2208108366,0,0
4696,2209801296,0,0
4697,2204603867,0,0
4698,2209719866,0,1
4699,2225103595,1,1
4700,2224900187,1,1
4701,2207701871,0,0
4702,2224900179,1,1
4703,2207602153,1,0
4704,2224905281,1,1
4705,2209800295,1,1
4706,2207602153,1,0
4707,2224900187,1,1
4708,2224904790,1,1
4709,2224901871,1,1
4710,2224900187,1,1
4711,2209801296,0,0
4712,2209800308,1,1
4713,2209800295,1,1
4714,2224815827,1,1
4715,2225103595,1,1
4716,2224900672,1,1
4717,2207001505,1,0
4718,2224903238,1,1
4719,2224910176,1,1
4720,2208108366,0,0
4721,2209800308,1,1
4722,2224901871,1,1
4723,2225103595,1,1
4724,2224900187,1,1
4725,2224900187,1,1
4726,2207701871,0,0
4727,2224904790,1,1
4728,2224901145,1,1
4729,2224901083,1,1
4730,2224905281,1,1
4731,2224902793,1,1
4732,2224910176,0,1
4733,2224901145,1,1
4734,2209800308,1,1
4735,2209800295,1,1
4736,2224910176,1,1
4737,2224910176,1,1
4738,2224903238,1,1
4739,2224902632,1,1
4740,2209800308,1,1
4741,2224900187,1,1
4742,2209801296,0,0
4743,2225103595,1,1
4744,2204603867,0,0
4745,2207602153,0,0
4746,2225103595,1,1
4747,2209800308,1,1
4748,2224816167,1,1
4749,2224801839,1,1
4750,2224901871,1,1
4751,2207001505,1,0
4752,2209800295,1,1
4753,2204603867,1,0
4754,2224900187,1,1
4755,2224910176,1,1
4756,2224901871,1,1
4757,2224900179,1,1
4758,2204000724,1,1
4759,2224900179,1,1
4760,2224900187,1,1
4761,2204000724,1,1
4762,2209800295,1,1
4763,2224900218,1,1
4764,2224801839,1,1
4765,2224901083,1,1
4766,2129203632,1,0
4767,2224815827,1,1
4768,2224801839,1,1
4769,2224900218,1,1
4770,2224900179,1,1
4771,2225101162,1,1
4772,2204603867,0,0
4773,2207701871,0,0
4774,2224909685,1,1
4775,2204000724,1,1
4776,2224900264,1,1
4777,2207602153,1,0
4778,2224900187,1,1
4779,2224815363,1,1
4780,2224900218,1,1
4781,2224905281,1,1
4782,2224900179,1,1
4783,2224900218,1,1
4784,2129203632,0,0
4785,2224901083,1,1
4786,2207701871,0,0
4787,2207602153,1,0
4788,2224903238,1,1
4789,2224902632,1,1
4790,2204000724,1,1
4791,2209719866,1,1
4792,2225103595,1,1
4793,2224901871,1,1
4794,2209719866,1,1
4795,2225101162,1,1
4796,2224904790,1,1
4797,2224901145,1,1
4798,2224901871,1,1
4799,2224900218,1,1
4800,2225103595,1,1
4801,2224815363,1,1
4802,2129203632,1,0
4803,2224900179,1,1
4804,2224910176,1,1
4805,2224905281,1,1
4806,2224901928,1,1
4807,2224900218,1,1
4808,2224900179,1,1
4809,2224900218,1,1
4810,2224815827,1,1
4811,2224900264,1,1
4812,2224909685,1,1
4813,2224901083,1,1
4814,2224801839,1,1
4815,2225103595,1,1
4816,2224815363,1,1
4817,2224901928,1,1
4818,2224901145,1,1
4819,2224901928,1,1
4820,2209800295,1,1
4821,2225103595,1,1
4822,2224901871,1,1
4823,2209719866,1,1
4824,2129203632,0,0
4825,2129203632,1,0
4826,2224901871,1,1
4827,2224900187,1,1
4828,2224801839,1,1
4829,2224901871,1,1
4830,2225101162,1,1
4831,2224801839,1,1
4832,2225103595,1,1
4833,2225103595,1,1
4834,2207602153,0,0
4835,2225103595,1,1
4836,2224900179,1,1
4837,2208108366,0,0
4838,2224801839,1,1
4839,2209719866,1,1
4840,2224901928,1,1
4841,2204603867,1,0
4842,2224901928,1,1
4843,2225103595,1,1
4844,2224801839,1,1
4845,2224901871,1,1
4846,2224901928,1,1
4847,2224900179,1,1
4848,2224900264,1,1
4849,2209800308,1,1
4850,2208108366,0,0
4851,2224901083,1,1
4852,2224903238,1,1
4853,2224902793,1,1
4854,2224816167,1,1
4855,2224816167,1,1
4856,2224901871,1,1
4857,2224910176,1,1
4858,2224816167,1,1
4859,2224909685,1,1
4860,2209801296,0,0
4861,2224909685,1,1
4862,2224901145,1,1
4863,2207602153,0,0
4864,2224816167,1,1
4865,2224900672,1,1
4866,2207701871,0,0
4867,2224900264,1,1
4868,2224815363,1,1
4869,2224816167,1,1
4870,2224903238,1,1
4871,2224900672,1,1
4872,2209800308,1,1
4873,2224902632,0,1
4874,2224815827,1,1
4875,2224901145,1,1
4876,2224902793,1,1
4877,2224801839,1,1
4878,2224900672,1,1
4879,2209800308,1,1
4880,2224910176,1,1
4881,2224910176,1,1
4882,2207001505,1,0
4883,2224815363,1,1
4884,2209800308,1,1
4885,2224909685,1,1
4886,2209800295,1,1
4887,2224905281,1,1
4888,2209800295,1,1
4889,2224816167,1,1
4890,2204000724,1,1
4891,2207701871,0,0
4892,2224901083,1,1
4893,2224910176,1,1
4894,2224900187,1,1
4895,2225103595,1,1
4896,2224905281,1,1
4897,2224816167,1,1
4898,2224900264,1,1
4899,2224900187,1,1
4900,2224816167,1,1
4901,2225103595,1,1
4902,2224816167,1,1
4903,2224903238,1,1
4904,2224901871,1,1
4905,2224901928,1,1
4906,2224901871,1,1
4907,2205001262,0,0
4908,2224901145,1,1
4909,2224904790,1,1
4910,2224900179,1,1
4911,2224902632,0,1
4912,2209800295,1,1
4913,2224900187,1,1
4914,2204000724,1,1
4915,2224901145,1,1
4916,2224901083,1,1
4917,2224903238,1,1
4918,2224901928,1,1
4919,2224903238,1,1
4920,2224900187,1,1
4921,2129203632,1,0
4922,2207602153,0,0
4923,2209719866,1,1
4924,2224900179,1,1
4925,2224801839,1,1
4926,2224903238,1,1
4927,2224903238,1,1
4928,2204000724,1,1
4929,2224816167,1,1
4930,2209801296,0,0
4931,2224901145,1,1
4932,2209801296,0,0
4933,2224900264,1,1
4934,2209800295,1,1
4935,2207701871,0,0
4936,2224801839,1,1
4937,2224904790,1,1
4938,2224900264,1,1
4939,2224903238,1,1
4940,2224900264,1,1
4941,2224904790,1,1
4942,2224901928,1,1
4943,2224903238,1,1
4944,2224901928,1,1
4945,2224903238,1,1
4946,2224904277,1,1
4947,2224900179,1,1
4948,2224901928,1,1
4949,2209800295,1,1
4950,2224904790,1,1
4951,2224900218,1,1
4952,2224815827,1,1
4953,2209801296,0,0
4954,2224900187,1,1
4955,2224904277,1,1
4956,2207701871,0,0
4957,2209800308,1,1
4958,2225103595,1,1
4959,2207001505,1,0
4960,2208108366,0,0
4961,2224901083,1,1
4962,2224904790,1,1
4963,2224901928,1,1
4964,2224900187,1,1
4965,2224900264,1,1
4966,2207001505,1,0
4967,2204000724,1,1
4968,2224905281,1,1
4969,2225103595,1,1
4970,2209801296,0,0
4971,2209801296,0,0
4972,2209801296,0,0
4973,2205001262,0,0
4974,2224816167,1,1
4975,2224902793,1,1
4976,2224900672,1,1
4977,2209800295,1,1
4978,2224816167,1,1
4979,2129203632,0,0
4980,2224902632,0,1
4981,2209800295,1,1
4982,2224901145,1,1
4983,2224900187,1,1
4984,2224903238,1,1
4985,2207701871,0,0
4986,2224815827,1,1
4987,2207701871,0,0
4988,2224815827,1,1
4989,2204603867,1,0
4990,2224902793,1,1
4991,2224815827,1,1
4992,2224903238,1,1
4993,2129203632,1,0
4994,2224905281,1,1
4995,2209801296,1,0
4996,2224815827,1,1
4997,2207701871,0,0
4998,2224900179,1,1
4999,2209801296,0,0
5000,2224901145,1,1
5001,2224900264,1,1
5002,2224909685,1,1
5003,2224903238,1,1
5004,2224900218,1,1
5005,2224900264,1,1
5006,2205001262,0,0
5007,2224900264,1,1
5008,2224901145,1,1
5009,2224903238,0,1
5010,2208108366,0,0
5011,2129203632,0,0
5012,2224801839,1,1
5013,2224904790,1,1
5014,2224816167,1,1
5015,2208108366,0,0
5016,2224815363,1,1
5017,2224900179,1,1
5018,2209801296,0,0
5019,2224900264,1,1
5020,2224910176,1,1
5021,2224903238,1,1
5022,2224901145,1,1
5023,2204000724,1,1
5024,2224815363,1,1
5025,2225103595,1,1
5026,2224905281,1,1
5027,2207602153,1,0
5028,2207602153,1,0
5029,2224901145,1,1
5030,2129203632,0,0
5031,2224901928,1,1
5032,2224903238,1,1
5033,2224900187,1,1
5034,2224905281,1,1
5035,2224901083,1,1
5036,2224900264,1,1
5037,2205001262,0,0
5038,2224909685,1,1
5039,2224816167,1,1
5040,2209719866,1,1
5041,2209800308,1,1
5042,2224900187,1,1
5043,2208108366,0,0
5044,2209801296,0,0
5045,2224904790,1,1
5046,2224901928,1,1
5047,2224901871,1,1
5048,2224903238,1,1
5049,2224815363,1,1
5050,2224910176,1,1
5051,2209801296,0,0
5052,2224900179,1,1
5053,2224905281,1,1
5054,2224815363,1,1
5055,2224901145,1,1
5056,2209800295,1,1
5057,2207001505,1,0
5058,2224900187,1,1
5059,2224903238,1,1
5060,2204000724,1,1
5061,2209800295,1,1
5062,2224902632,1,1
5063,2224902632,1,1
5064,2207602153,1,0
5065,2224909685,1,1
5066,2129203632,1,0
5067,2224901145,1,1
5068,2209800308,1,1
5069,2207001505,1,0
5070,2209800295,1,1
5071,2209801296,0,0
5072,2224901928,1,1
5073,2208108366,0,0
5074,2224816167,1,1
5075,2224903238,1,1
5076,2224900264,1,1
5077,2207001505,0,0
5078,2224900672,1,1
5079,2224815363,1,1
5080,2224901871,1,1
5081,2224909685,1,1
5082,2204603867,0,0
5083,2224903238,1,1
5084,2224816167,1,1
5085,2224903238,1,1
5086,2224801839,1,1
5087,2224905281,1,1
5088,2224815827,1,1
5089,2224901928,1,1
5090,2224815827,1,1
5091,2224904277,1,1
5092,2207701871,0,0
5093,2224904277,1,1
5094,2224901145,1,1
5095,2209800295,0,1
5096,2224900179,1,1
5097,2224904790,1,1
5098,2224904277,1,1
5099,2208108366,0,0
5100,2209800308,1,1
5101,2207602153,0,0
5102,2224902793,1,1
5103,2224816167,1,1
5104,2224910176,1,1
5105,2224902632,1,1
5106,2224815827,1,1
5107,2224901083,1,1
5108,2224900179,1,1
5109,2224902793,1,1
5110,2208108366,0,0
5111,2209801296,1,0
5112,2207701871,0,0
5113,2224909685,1,1
5114,2209800308,1,1
5115,2224905281,1,1
5116,2224815827,1,1
5117,2209800295,1,1
5118,2224903238,1,1
5119,2224901871,1,1
5120,2224902793,1,1
5121,2224901083,1,1
5122,2224901928,1,1
5123,2207602153,1,0
5124,2225103595,1,1
5125,2209801296,0,0
5126,2224901871,1,1
5127,2224905281,1,1
5128,2224903238,1,1
5129,2224904790,1,1
5130,2224900187,1,1
5131,2209800295,1,1
5132,2209800308,1,1
5133,2224900218,1,1
5134,2209801296,1,0
5135,2224900187,1,1
5136,2209800308,1,1
5137,2224900264,1,1
5138,2207701871,0,0
5139,2225103595,1,1
5140,2209719866,1,1
5141,2224900218,1,1
5142,2224900264,1,1
5143,2209801296,0,0
5144,2208108366,0,0
5145,2224901145,1,1
5146,2209801296,0,0
5147,2224815827,1,1
5148,2224904277,1,1
5149,2208108366,0,0
5150,2224903238,1,1
5151,2208108366,0,0
5152,2224900264,1,1
5153,2224900179,1,1
5154,2224901871,1,1
5155,2209800308,1,1
5156,2224815363,1,1
5157,2209800295,1,1
5158,2224901871,1,1
5159,2207701871,0,0
5160,2224901145,1,1
5161,2224902793,1,1
5162,2224910176,1,1
5163,2224816167,1,1
5164,2224903238,1,1
5165,2224816167,1,1
5166,2209801296,0,0
5167,2224903238,1,1
5168,2207001505,1,0
5169,2224905281,1,1
5170,2209800308,1,1
5171,2224901928,1,1
5172,2224816167,1,1
5173,2224901928,1,1
5174,2209801296,1,0
5175,2224815363,1,1
5176,2224815363,1,1
5177,2224901083,1,1
5178,2225103595,1,1
5179,2204000724,1,1
5180,2224815827,1,1
5181,2224901083,1,1
5182,2224904790,1,1
5183,2224901871,1,1
5184,2224901083,1,1
5185,2224900187,1,1
5186,2224904790,1,1
5187,2224909685,1,1
5188,2224909685,1,1
5189,2224901871,1,1
5190,2224901871,1,1
5191,2204000724,1,1
5192,2224910176,1,1
5193,2209801296,1,0
5194,2224901083,1,1
5195,2209800295,1,1
5196,2224900179,1,1
5197,2224905281,1,1
5198,2224900264,1,1
5199,2209801296,1,0
5200,2224816167,1,1
5201,2224901871,1,1
5202,2224900179,1,1
5203,2224910176,1,1
5204,2224910176,0,1
5205,2224815363,1,1
5206,2224815363,1,1
5207,2224801839,1,1
5208,2204000724,1,1
5209,2225103595,1,1
5210,2224815827,1,1
5211,2207701871,0,0
5212,2204000724,0,1
5213,2204000724,0,1
5214,2204000724,0,1
5215,2204000724,1,1
5216,2204000724,0,1
5217,2204000724,0,1
5218,2204000724,1,1
5219,2204000724,1,1
5220,2204000724,1,1
5221,2204000724,0,1
5222,2204000724,1,1
5223,2204000724,1,1
5224,2204000724,0,1
5225,2204000724,1,1
5226,2204000724,1,1
5227,2204000724,1,1
5228,2204000724,1,1
5229,2204000724,1,1
5230,2204000724,0,1
5231,2204000724,1,1
5232,2129203632,1,0
5233,2129203632,1,0
5234,2129203632,1,0
5235,2129203632,0,0
5236,2129203632,1,0
5237,2129203632,0,0
5238,2129203632,1,0
5239,2129203632,0,0
5240,2129203632,0,0
5241,2129203632,0,0
5242,2129203632,0,0
5243,2129203632,1,0
5244,2129203632,0,0
5245,2129203632,0,0
5246,2129203632,0,0
5247,2129203632,1,0
5248,2129203632,1,0
5249,2129203632,1,0
5250,2129203632,0,0
5251,2129203632,0,0
5252,2129203632,1,0
5253,2129203632,1,0
5254,2129203632,1,0
5255,2129203632,1,0
5256,2129203632,1,0
5257,2129203632,0,0
5258,2129203632,1,0
5259,2129203632,1,0
5260,2129203632,1,0
5261,2129203632,0,0
5262,2129203632,0,0
5263,2129203632,1,0
5264,2129203632,0,0
5265,2129203632,1,0
5266,2129203632,0,0
5267,2129203632,1,0
5268,2129203632,0,0
5269,2129203632,0,0
5270,2129203632,0,0
5271,2129203632,1,0
5272,2129203632,0,0
5273,2129203632,0,0
5274,2129203632,0,0
5275,2129203632,0,0
5276,2129203632,0,0
5277,2129203632,0,0
5278,2129203632,1,0
5279,2129203632,1,0
5280,2129203632,1,0
5281,2129203632,1,0
5282,2129203632,0,0
5283,2129203632,0,0
5284,2129203632,0,0
5285,2129203632,0,0
5286,2129203632,1,0
5287,2129203632,1,0
5288,2129203632,1,0
5289,2129203632,1,0
5290,2129203632,0,0
5291,2129203632,0,0
5292,2129203632,1,0
5293,2129203632,1,0
5294,2129203632,1,0
5295,2129203632,1,0
5296,2129203632,1,0
5297,2129203632,1,0
5298,2129203632,0,0
5299,2129203632,0,0
5300,2129203632,0,0
5301,2129203632,1,0
5302,2129203632,0,0
5303,2129203632,1,0
5304,2204603867,1,0
5305,2204603867,0,0
5306,2204603867,0,0
5307,2204603867,1,0
5308,2204603867,1,0
5309,2204603867,0,0
5310,2204603867,0,0
5311,2204603867,0,0
5312,2204603867,0,0
5313,2204603867,0,0
5314,2204603867,0,0
5315,2204603867,1,0
5316,2204603867,0,0
5317,2204603867,0,0
5318,2204603867,0,0
5319,2204603867,0,0
5320,2204603867,0,0
5321,2204603867,0,0
5322,2204603867,0,0
5323,2204603867,1,0
5324,2204603867,0,0
5325,2204603867,1,0
5326,2204603867,0,0
5327,2204603867,0,0
5328,2204603867,1,0
5329,2204603867,0,0
5330,2204603867,0,0
5331,2204603867,0,0
5332,2204603867,0,0
5333,2204603867,0,0
5334,2204603867,1,0
5335,2204603867,0,0
5336,2204603867,1,0
5337,2204603867,0,0
5338,2204603867,0,0
5339,2204603867,0,0
5340,2204603867,0,0
5341,2204603867,0,0
5342,2204603867,0,0
5343,2204603867,0,0
5344,2204603867,1,0
5345,2204603867,0,0
5346,2204603867,0,0
5347,2204603867,0,0
5348,2204603867,1,0
5349,2204603867,0,0
5350,2204603867,0,0
5351,2204603867,0,0
5352,2204603867,0,0
5353,2204603867,0,0
5354,2204603867,0,0
5355,2204603867,0,0
5356,2204603867,0,0
5357,2204603867,0,0
5358,2204603867,0,0
5359,2204603867,1,0
5360,2204603867,0,0
5361,2204603867,0,0
5362,2204603867,0,0
5363,2204603867,0,0
5364,2204603867,1,0
5365,2204603867,0,0
5366,2204603867,0,0
5367,2204603867,1,0
5368,2204603867,0,0
5369,2204603867,0,0
5370,2204603867,0,0
5371,2204603867,0,0
5372,2204603867,0,0
5373,2204603867,0,0
5374,2204603867,0,0
5375,2204603867,0,0
5376,2204603867,0,0
5377,2204603867,0,0
5378,2204603867,0,0
5379,2204603867,0,0
5380,2204603867,0,0
5381,2204603867,0,0
5382,2204603867,0,0
5383,2204603867,0,0
5384,2204603867,0,0
5385,2204603867,0,0
5386,2204603867,0,0
5387,2204603867,0,0
5388,2204603867,0,0
5389,2204603867,0,0
5390,2204603867,0,0
5391,2204603867,0,0
5392,2204603867,0,0
5393,2204603867,0,0
5394,2204603867,0,0
5395,2204603867,0,0
5396,2204603867,0,0
5397,2204603867,0,0
5398,2204603867,1,0
5399,2204603867,0,0
5400,2204603867,0,0
5401,2204603867,0,0
5402,2204603867,1,0
5403,2204603867,0,0
5404,2204603867,1,0
5405,2204603867,0,0
5406,2204603867,0,0
5407,2204603867,1,0
5408,2204603867,0,0
5409,2204603867,0,0
5410,2204603867,0,0
5411,2204603867,0,0
5412,2204603867,0,0
5413,2204603867,0,0
5414,2204603867,0,0
5415,2204603867,0,0
5416,2204603867,0,0
5417,2204603867,0,0
5418,2204603867,0,0
5419,2204603867,0,0
5420,2204603867,0,0
5421,2204603867,0,0
5422,2204603867,0,0
5423,2204603867,0,0
5424,2204603867,0,0
5425,2204603867,0,0
5426,2204603867,0,0
5427,2204603867,0,0
5428,2204603867,0,0
5429,2204603867,0,0
5430,2204603867,0,0
5431,2204603867,1,0
5432,2204603867,0,0
5433,2204603867,1,0
5434,2204603867,0,0
5435,2204603867,0,0
5436,2204603867,0,0
5437,2204603867,0,0
5438,2204603867,0,0
5439,2204603867,0,0
5440,2204603867,0,0
5441,2204603867,0,0
5442,2204603867,0,0
5443,2204603867,1,0
5444,2204603867,0,0
5445,2204603867,0,0
5446,2204603867,0,0
5447,2205001262,0,0
5448,2207001505,0,0
5449,2207001505,0,0
5450,2207001505,0,0
5451,2207001505,1,0
5452,2207001505,0,0
5453,2207001505,0,0
5454,2207001505,0,0
5455,2207001505,1,0
5456,2207001505,1,0
5457,2207001505,1,0
5458,2207001505,1,0
5459,2207001505,0,0
5460,2207001505,1,0
5461,2207001505,0,0
5462,2207001505,1,0
5463,2207001505,1,0
5464,2207001505,0,0
5465,2207001505,0,0
5466,2207001505,1,0
5467,2207001505,1,0
5468,2207001505,0,0
5469,2207001505,0,0
5470,2207001505,0,0
5471,2207001505,1,0
5472,2207001505,0,0
5473,2207001505,0,0
5474,2207001505,0,0
5475,2207001505,0,0
5476,2207001505,0,0
5477,2207001505,1,0
5478,2207001505,0,0
5479,2207001505,1,0
5480,2207001505,0,0
5481,2207001505,0,0
5482,2207001505,0,0
5483,2207001505,1,0
5484,2207001505,1,0
5485,2207001505,0,0
5486,2207001505,1,0
5487,2207001505,0,0
5488,2207001505,0,0
5489,2207001505,1,0
5490,2207001505,1,0
5491,2207001505,1,0
5492,2207001505,1,0
5493,2207001505,0,0
5494,2207001505,1,0
5495,2207001505,0,0
5496,2207001505,0,0
5497,2207001505,0,0
5498,2207001505,0,0
5499,2207001505,0,0
5500,2207001505,0,0
5501,2207001505,1,0
5502,2207001505,0,0
5503,2207001505,0,0
5504,2207001505,1,0
5505,2207001505,1,0
5506,2207001505,0,0
5507,2207001505,0,0
5508,2207001505,0,0
5509,2207001505,0,0
5510,2207001505,0,0
5511,2207001505,0,0
5512,2207001505,0,0
5513,2207001505,1,0
5514,2207001505,0,0
5515,2207001505,0,0
5516,2207001505,0,0
5517,2207001505,0,0
5518,2207001505,0,0
5519,2207001505,1,0
5520,2207602153,0,0
5521,2207602153,0,0
5522,2207602153,0,0
5523,2207602153,0,0
5524,2207602153,0,0
5525,2207602153,0,0
5526,2207602153,0,0
5527,2207602153,0,0
5528,2207602153,0,0
5529,2207602153,0,0
5530,2207602153,1,0
5531,2207602153,0,0
5532,2207602153,1,0
5533,2207602153,0,0
5534,2207602153,1,0
5535,2207602153,0,0
5536,2207602153,0,0
5537,2207602153,0,0
5538,2207602153,1,0
5539,2207602153,0,0
5540,2207602153,1,0
5541,2207602153,0,0
5542,2207602153,0,0
5543,2207602153,0,0
5544,2207602153,0,0
5545,2207602153,0,0
5546,2207602153,0,0
5547,2207602153,0,0
5548,2207602153,1,0
5549,2207602153,0,0
5550,2207602153,1,0
5551,2207602153,0,0
5552,2207602153,0,0
5553,2207602153,1,0
5554,2207602153,0,0
5555,2207602153,0,0
5556,2207602153,0,0
5557,2207602153,0,0
5558,2207701871,0,0
5559,2207701871,0,0
5560,2207701871,0,0
5561,2207701871,0,0
5562,2207701871,0,0
5563,2207701871,0,0
5564,2207701871,0,0
5565,2207701871,0,0
5566,2207701871,0,0
5567,2207701871,0,0
5568,2207701871,0,0
5569,2207701871,0,0
5570,2207701871,0,0
5571,2207701871,0,0
5572,2207701871,0,0
5573,2207701871,0,0
5574,2207701871,0,0
5575,2207701871,0,0
5576,2207701871,0,0
5577,2207701871,0,0
5578,2207701871,0,0
5579,2207701871,0,0
5580,2207701871,0,0
5581,2207701871,0,0
5582,2207701871,0,0
5583,2207701871,0,0
5584,2207701871,0,0
5585,2207701871,0,0
5586,2207701871,0,0
5587,2207701871,0,0
5588,2207701871,0,0
5589,2207701871,0,0
5590,2207701871,0,0
5591,2207701871,0,0
5592,2207701871,0,0
5593,2207701871,0,0
5594,2207701871,0,0
5595,2207701871,0,0
5596,2207701871,0,0
5597,2207701871,0,0
5598,2207701871,0,0
5599,2207701871,0,0
5600,2207701871,0,0
5601,2207701871,0,0
5602,2207701871,0,0
5603,2207701871,0,0
5604,2207701871,0,0
5605,2207701871,0,0
5606,2207701871,0,0
5607,2207701871,0,0
5608,2207701871,0,0
5609,2207701871,0,0
5610,2207701871,0,0
5611,2207701871,0,0
5612,2207701871,0,0
5613,2207701871,0,0
5614,2207701871,0,0
5615,2207701871,0,0
5616,2207701871,0,0
5617,2207701871,0,0
5618,2208108366,0,0
5619,2208108366,0,0
5620,2208108366,0,0
5621,2208108366,0,0
5622,2208108366,0,0
5623,2208108366,0,0
5624,2208108366,0,0
5625,2208108366,0,0
5626,2208108366,0,0
5627,2208108366,0,0
5628,2208108366,0,0
5629,2208108366,0,0
5630,2208108366,0,0
5631,2208108366,0,0
5632,2208108366,0,0
5633,2208108366,0,0
5634,2208108366,0,0
5635,2208108366,0,0
5636,2208108366,0,0
5637,2208108366,0,0
5638,2208108366,0,0
5639,2208108366,0,0
5640,2208108366,0,0
5641,2208108366,0,0
5642,2208108366,0,0
5643,2208108366,0,0
5644,2208108366,0,0
5645,2208108366,0,0
5646,2208108366,0,0
5647,2208108366,0,0
5648,2208108366,0,0
5649,2208108366,0,0
5650,2208108366,0,0
5651,2208108366,0,0
5652,2208108366,0,0
5653,2208108366,0,0
5654,2208108366,0,0
5655,2208108366,0,0
5656,2208108366,0,0
5657,2208108366,0,0
5658,2208108366,0,0
5659,2208108366,0,0
5660,2208108366,0,0
5661,2208108366,0,0
5662,2208108366,0,0
5663,2208108366,0,0
5664,2208108366,0,0
5665,2208108366,0,0
5666,2208108366,0,0
5667,2208108366,0,0
5668,2208108366,0,0
5669,2208108366,0,0
5670,2208108366,0,0
5671,2208108366,0,0
5672,2208108366,0,0
5673,2208108366,0,0
5674,2208108366,0,0
5675,2208108366,0,0
5676,2209801296,0,0
5677,2209801296,0,0
5678,2209801296,0,0
5679,2209801296,0,0
5680,2209801296,0,0
5681,2209801296,1,0
5682,2209801296,0,0
5683,2209801296,0,0
5684,2209801296,0,0
5685,2209801296,0,0
5686,2209801296,1,0
5687,2209801296,0,0
5688,2209801296,0,0
5689,2209801296,1,0
5690,2209801296,0,0
5691,2209801296,0,0
5692,2209801296,0,0
5693,2209801296,0,0
5694,2209801296,0,0
5695,2209801296,0,0
5696,2209801296,1,0
5697,2209801296,0,0
5698,2209801296,0,0
5699,2209801296,0,0
5700,2209801296,0,0
5701,2209801296,1,0
5702,2209801296,1,0
5703,2209801296,1,0
5704,2209801296,0,0
5705,2209801296,0,0
5706,2209801296,1,0
5707,2209801296,0,0
5708,2209801296,1,0
5709,2209801296,0,0
5710,2209801296,1,0
5711,2209801296,0,0
5712,2209801296,1,0
5713,2209801296,0,0
5714,2209801296,0,0
5715,2209801296,1,0
5716,2209801296,1,0
5717,2209801296,0,0
5718,2209801296,0,0
5719,2209801296,0,0
5720,2209801296,0,0
5721,2209801296,0,0
5722,2209801296,0,0
5723,2209801296,0,0
5724,2209801296,0,0
5725,2209801296,0,0
5726,2209801296,0,0
5727,2209801296,0,0
5728,2209801296,0,0
5729,2209801296,0,0
5730,2209801296,0,0
5731,2209801296,0,0
5732,2209719866,1,1
5733,2209719866,0,1
5734,2209719866,0,1
5735,2209719866,1,1
5736,2209719866,1,1
5737,2209719866,1,1
5738,2209719866,0,1
5739,2209719866,0,1
5740,2209719866,1,1
5741,2209719866,0,1
5742,2209719866,0,1
5743,2209800295,1,1
5744,2209800295,0,1
5745,2209800295,1,1
5746,2209800295,1,1
5747,2209800295,1,1
5748,2209800295,1,1
5749,2209800295,1,1
5750,2209800295,1,1
5751,2209800295,0,1
5752,2209800295,1,1
5753,2209800295,1,1
5754,2209800295,1,1
5755,2209800295,1,1
5756,2209800295,0,1
5757,2209800295,1,1
5758,2209800295,1,1
5759,2209800295,1,1
5760,2209800295,1,1
5761,2209800295,0,1
5762,2209800295,1,1
5763,2209800308,1,1
5764,2209800308,1,1
5765,2209800308,1,1
5766,2209800308,1,1
5767,2209800308,1,1
5768,2209800308,0,1
5769,2209800308,1,1
5770,2209800308,0,1
5771,2209800308,1,1
5772,2209800308,1,1
5773,2209800308,1,1
5774,2209800308,0,1
5775,2209800308,0,1
5776,2209800308,1,1
5777,2209800308,1,1
5778,2209800308,1,1
5779,2209800308,1,1
5780,2209800308,1,1
5781,2209800308,1,1
5782,2209800308,1,1
5783,2209800308,1,1
5784,2209800308,1,1
5785,2209800308,1,1
5786,2224801839,1,1
5787,2224801839,0,1
5788,2224801839,1,1
5789,2224801839,0,1
5790,2224801839,1,1
5791,2224801839,1,1
5792,2224801839,0,1
5793,2224801839,1,1
5794,2224801839,0,1
5795,2224801839,1,1
5796,2224801839,1,1
5797,2224801839,1,1
5798,2224801839,0,1
5799,2224801839,0,1
5800,2224801839,1,1
5801,2224801839,1,1
5802,2224801839,1,1
5803,2224801839,1,1
5804,2224801839,1,1
5805,2224801839,1,1
5806,2224801839,0,1
5807,2224801839,1,1
5808,2224801839,1,1
5809,2224801839,1,1
5810,2224801839,1,1
5811,2224801839,1,1
5812,2224815363,1,1
5813,2224815363,0,1
5814,2224815363,1,1
5815,2224815363,1,1
5816,2224815363,1,1
5817,2224815363,1,1
5818,2224815363,1,1
5819,2224815363,1,1
5820,2224815363,1,1
5821,2224815363,1,1
5822,2224815363,1,1
5823,2224815363,1,1
5824,2224815363,1,1
5825,2224815363,1,1
5826,2224815363,1,1
5827,2224815363,1,1
5828,2224815363,1,1
5829,2224815363,1,1
5830,2224815363,1,1
5831,2224815363,1,1
5832,2224815827,1,1
5833,2224815827,0,1
5834,2224815827,1,1
5835,2224815827,1,1
5836,2224815827,1,1
5837,2224815827,1,1
5838,2224815827,0,1
5839,2224815827,0,1
5840,2224815827,0,1
5841,2224815827,1,1
5842,2224815827,0,1
5843,2224815827,0,1
5844,2224815827,1,1
5845,2224815827,0,1
5846,2224816167,1,1
5847,2224816167,1,1
5848,2224816167,1,1
5849,2224816167,1,1
5850,2224816167,1,1
5851,2224816167,0,1
5852,2224816167,1,1
5853,2224816167,1,1
5854,2224816167,1,1
5855,2224816167,1,1
5856,2224816167,1,1
5857,2224816167,1,1
5858,2224816167,1,1
5859,2224816167,1,1
5860,2224816167,1,1
5861,2224816167,1,1
5862,2224816167,1,1
5863,2224900179,1,1
5864,2224900179,1,1
5865,2224900179,1,1
5866,2224900179,1,1
5867,2224900179,1,1
5868,2224900179,1,1
5869,2224900179,1,1
5870,2224900179,1,1
5871,2224900179,1,1
5872,2224900187,1,1
5873,2224900187,1,1
5874,2224900187,1,1
5875,2224900187,1,1
5876,2224900187,1,1
5877,2224900187,1,1
5878,2224900187,1,1
5879,2224900187,1,1
5880,2224900187,1,1
5881,2224900187,1,1
5882,2224900187,1,1
5883,2224900187,1,1
5884,2224900187,1,1
5885,2224900187,1,1
5886,2224900187,1,1
5887,2224900187,0,1
5888,2224900187,1,1
5889,2224900218,0,1
5890,2224900218,1,1
5891,2224900218,1,1
5892,2224900218,1,1
5893,2224900218,1,1
5894,2224900264,1,1
5895,2224900264,1,1
5896,2224900264,1,1
5897,2224900264,1,1
5898,2224900264,1,1
5899,2224900264,1,1
5900,2224900264,1,1
5901,2224900264,1,1
5902,2224900264,1,1
5903,2224900264,1,1
5904,2224900264,1,1
5905,2224900264,1,1
5906,2224900264,1,1
5907,2224900264,1,1
5908,2224900264,1,1
5909,2224900264,1,1
5910,2224900264,1,1
5911,2224900264,1,1
5912,2224900264,1,1
5913,2224900264,1,1
5914,2224900264,1,1
5915,2224900264,1,1
5916,2224900264,1,1
5917,2224900264,1,1
5918,2224900264,1,1
5919,2224900264,1,1
5920,2224900264,1,1
5921,2224900264,1,1
5922,2224900264,1,1
5923,2224900672,1,1
5924,2224900672,1,1
5925,2224900672,1,1
5926,2224900672,1,1
5927,2224900672,1,1
5928,2224900672,1,1
5929,2224900672,1,1
5930,2224900672,1,1
5931,2224900672,1,1
5932,2224900672,1,1
5933,2224900672,1,1
5934,2224901083,1,1
5935,2224901083,1,1
5936,2224901083,0,1
5937,2224901083,1,1
5938,2224901083,1,1
5939,2224901083,1,1
5940,2224901083,1,1
5941,2224901083,1,1
5942,2224901083,1,1
5943,2224901083,1,1
5944,2224901083,1,1
5945,2224901083,1,1
5946,2224901083,1,1
5947,2224901083,1,1
5948,2224901083,1,1
5949,2224901083,1,1
5950,2224901083,1,1
5951,2224901145,1,1
5952,2224901145,0,1
5953,2224901145,1,1
5954,2224901145,1,1
5955,2224901145,0,1
5956,2224901145,1,1
5957,2224901145,1,1
5958,2224901145,1,1
5959,2224901145,1,1
5960,2224901145,1,1
5961,2224901145,1,1
5962,2224901145,1,1
5963,2224901871,1,1
5964,2224901871,1,1
5965,2224901871,1,1
5966,2224901871,1,1
5967,2224901871,1,1
5968,2224901871,1,1
5969,2224901871,1,1
5970,2224901871,1,1
5971,2224901871,1,1
5972,2224901871,1,1
5973,2224901871,1,1
5974,2224901871,1,1
5975,2224901871,1,1
5976,2224901871,1,1
5977,2224901871,1,1
5978,2224901871,1,1
5979,2224901871,1,1
5980,2224901871,1,1
5981,2224901871,1,1
5982,2224901871,1,1
5983,2224901871,1,1
5984,2224901928,1,1
5985,2224901928,1,1
5986,2224901928,1,1
5987,2224901928,1,1
5988,2224901928,1,1
5989,2224901928,1,1
5990,2224901928,1,1
5991,2224901928,1,1
5992,2224901928,1,1
5993,2224901928,1,1
5994,2224901928,1,1
5995,2224901928,1,1
5996,2224901928,1,1
5997,2224901928,1,1
5998,2224901928,1,1
5999,2224901928,1,1
6000,2224901928,1,1
6001,2224901928,1,1
6002,2224901928,1,1
6003,2224901928,1,1
6004,2224901928,1,1
6005,2224901928,1,1
6006,2224901928,1,1
6007,2224901928,1,1
6008,2224901928,1,1
6009,2224901928,1,1
6010,2224901928,1,1
6011,2224901928,1,1
6012,2224901928,1,1
6013,2224901928,1,1
6014,2224902632,1,1
6015,2224902632,1,1
6016,2224902632,0,1
6017,2224902632,1,1
6018,2224902632,0,1
6019,2224902632,1,1
6020,2224902632,1,1
6021,2224902632,1,1
6022,2224902632,1,1
6023,2224902632,1,1
6024,2224902632,1,1
6025,2224902632,1,1
6026,2224902632,1,1
6027,2224902632,0,1
6028,2224902632,1,1
6029,2224902632,1,1
6030,2224902632,1,1
6031,2224902632,1,1
6032,2224902632,1,1
6033,2224902632,1,1
6034,2224902632,1,1
6035,2224902632,1,1
6036,2224902632,1,1
6037,2224902632,1,1
6038,2224902632,1,1
6039,2224902632,1,1
6040,2224902632,1,1
6041,2224902632,1,1
6042,2224902632,1,1
6043,2224902632,1,1
6044,2224902632,1,1
6045,2224902632,1,1
6046,2224902632,1,1
6047,2224902632,1,1
6048,2224902632,1,1
6049,2224902632,1,1
6050,2224902632,1,1
6051,2224902632,1,1
6052,2224902632,1,1
6053,2224902632,1,1
6054,2224902632,0,1
6055,2224902793,1,1
6056,2224902793,1,1
6057,2224902793,0,1
6058,2224902793,1,1
6059,2224902793,1,1
6060,2224902793,1,1
6061,2224902793,1,1
6062,2224902793,1,1
6063,2224902793,1,1
6064,2224902793,1,1
6065,2224902793,1,1
6066,2224902793,1,1
6067,2224902793,1,1
6068,2224902793,1,1
6069,2224902793,0,1
6070,2224902793,1,1
6071,2224902793,1,1
6072,2224902793,0,1
6073,2224902793,1,1
6074,2224902793,1,1
6075,2224902793,1,1
6076,2224902793,1,1
6077,2224902793,1,1
6078,2224902793,1,1
6079,2224903238,1,1
6080,2224903238,0,1
6081,2224903238,0,1
6082,2224903238,0,1
6083,2224903238,1,1
6084,2224903238,1,1
6085,2224903238,1,1
6086,2224903238,1,1
6087,2224903238,1,1
6088,2224903238,1,1
6089,2224903238,1,1
6090,2224903238,1,1
6091,2224903238,1,1
6092,2224903238,1,1
6093,2224903238,1,1
6094,2224903238,1,1
6095,2224904277,1,1
6096,2224904277,1,1
6097,2224904277,1,1
6098,2224904277,1,1
6099,2224904277,1,1
6100,2224904277,1,1
6101,2224904277,1,1
6102,2224904277,1,1
6103,2224904277,1,1
6104,2224904277,1,1
6105,2224904277,1,1
6106,2224904277,1,1
6107,2224904277,1,1
6108,2224904277,1,1
6109,2224904277,1,1
6110,2224904277,1,1
6111,2224904277,1,1
6112,2224904277,1,1
6113,2224904277,1,1
6114,2224904277,1,1
6115,2224904277,1,1
6116,2224904277,0,1
6117,2224904277,1,1
6118,2224904277,1,1
6119,2224904277,1,1
6120,2224904277,1,1
6121,2224904277,1,1
6122,2224904277,1,1
6123,2224904277,1,1
6124,2224904277,1,1
6125,2224904277,1,1
6126,2224904277,1,1
6127,2224904277,1,1
6128,2224904277,1,1
6129,2224904277,1,1
6130,2224904277,1,1
6131,2224904277,1,1
6132,2224904277,1,1
6133,2224904277,1,1
6134,2224904277,1,1
6135,2224904277,1,1
6136,2224904277,1,1
6137,2224904277,1,1
6138,2224904277,1,1
6139,2224904277,1,1
6140,2224904277,1,1
6141,2224904277,1,1
6142,2224904277,1,1
6143,2224904277,1,1
6144,2224904277,1,1
6145,2224904277,1,1
6146,2224904277,1,1
6147,2224904277,1,1
6148,2224904277,1,1
6149,2224904790,1,1
6150,2224904790,1,1
6151,2224904790,1,1
6152,2224904790,1,1
6153,2224904790,1,1
6154,2224904790,1,1
6155,2224904790,1,1
6156,2224904790,1,1
6157,2224904790,1,1
6158,2224904790,1,1
6159,2224904790,1,1
6160,2224904790,1,1
6161,2224904790,1,1
6162,2224904790,1,1
6163,2224904790,1,1
6164,2224904790,1,1
6165,2224904790,1,1
6166,2224904790,1,1
6167,2224904790,1,1
6168,2224904790,1,1
6169,2224904790,1,1
6170,2224904790,1,1
6171,2224904790,1,1
6172,2224904790,1,1
6173,2224904790,1,1
6174,2224905281,1,1
6175,2224905281,1,1
6176,2224905281,1,1
6177,2224905281,1,1
6178,2224905281,1,1
6179,2224905281,1,1
6180,2224905281,1,1
6181,2224905281,1,1
6182,2224909685,1,1
6183,2224909685,1,1
6184,2224909685,1,1
6185,2224909685,1,1
6186,2224909685,1,1
6187,2224909685,1,1
6188,2224909685,1,1
6189,2224909685,1,1
6190,2224909685,1,1
6191,2224909685,1,1
6192,2224909685,1,1
6193,2224909685,1,1
6194,2224909685,1,1
6195,2224909685,1,1
6196,2224909685,1,1
6197,2224909685,1,1
6198,2224909685,1,1
6199,2224909685,1,1
6200,2224909685,1,1
6201,2224909685,1,1
6202,2224909685,1,1
6203,2224909685,1,1
6204,2224909685,1,1
6205,2224909685,1,1
6206,2224909685,1,1
6207,2224909685,1,1
6208,2224910176,1,1
6209,2224910176,1,1
6210,2225101162,1,1
6211,2225101162,1,1
6212,2225101162,1,1
6213,2225101162,1,1
6214,2225101162,1,1
6215,2225101162,1,1
6216,2225101162,0,1
6217,2225101162,1,1
6218,2225101162,1,1
6219,2225101162,1,1
6220,2225101162,0,1
6221,2225101162,1,1
6222,2225101162,1,1
6223,2225101162,1,1
6224,2225101162,1,1
6225,2225101162,0,1
6226,2225101162,1,1
6227,2225101162,0,1
6228,2225101162,1,1
6229,2225101162,1,1
6230,2225101162,1,1
6231,2225101162,1,1
6232,2225103595,1,1
6233,2225103595,1,1
6234,2225103595,1,1
6235,2225103595,1,1
6236,2225103595,1,1
6237,2225103595,1,1
6238,2225103595,1,1
6239,2225103595,1,1
6240,2225103595,1,1
6241,2225103595,1,1
6242,2225103595,1,1
6243,2225103595,1,1
6244,2225103595,1,1
6245,2225103595,1,1
6246,2225103595,1,1
6247,2225103595,1,1
6248,2225103595,1,1
6249,2225103595,1,1
6250,2225103595,1,1
6251,2225103595,1,1
6252,2225103595,1,1
